,Team,First_name,Last_name,GP,GS,MPG,USG_P,OFF_RTG,DEF_RTG,TS_P,EFG_P,FT_RATE,3FG_TEND,OFF_REB_P,DEF_REB_P,REB_P,AST_P,STL_P,BLK_P,TO_P
0,North Carolina,Shea,Rush,20,0,1.7,29.5,83.1,92.1,0.389,0.321,85.7,21.4,3.2,9.8,6,0,0.051,0.034,0.094
1,North Carolina,Justin,Jackson,40,39,32,25.8,119,101.9,0.559,0.531,22,47.7,4.8,10.8,7.1,0.158,0.014,0.008,0.094
2,North Carolina,Kennedy,Meeks,40,40,24.3,22.6,122.7,92,0.577,0.555,38.5,0,16.5,25.1,19.1,0.076,0.022,0.054,0.1
3,North Carolina,Joel,Berry II,38,37,30.4,22.1,117.9,99.7,0.573,0.529,32.1,53.9,1.5,9.5,5,0.197,0.026,0.005,0.129
4,North Carolina,Isaiah,Hicks,39,39,23.3,21.6,121.1,98.6,0.63,0.576,48,0,8.4,16.8,11.5,0.106,0.01,0.036,0.149
5,North Carolina,Tony,Bradley,38,0,14.6,20.5,128,97.4,0.6,0.573,59,0,18.6,18.9,17.3,0.071,0.01,0.044,0.1
6,North Carolina,Luke,Maye,35,1,14.2,19.3,114.3,98,0.54,0.528,23.3,24.5,12.3,17.4,13.6,0.136,0.017,0.016,0.143
7,North Carolina,Seventh,Woods,40,0,7.7,17.7,74.4,93.9,0.391,0.3,68.3,18.3,2.1,17.1,8.7,0.224,0.038,0.007,0.35
8,North Carolina,Theo,Pinson,21,13,23.8,15,108.5,98.8,0.479,0.42,41.6,33.6,5.9,14.9,9.5,0.227,0.02,0.009,0.188
9,North Carolina,Brandon,Robinson,37,0,7.6,14.6,102.8,99.9,0.455,0.398,42.2,46.9,4.1,12.3,7.5,0.145,0.018,0.012,0.156
10,North Carolina,Stilman,White,27,1,3.6,14.6,143,102.9,0.681,0.55,90,20,5.4,6.7,5.6,0.078,0.017,0,0.097
11,North Carolina,Nate,Britt,40,7,19,14.1,103.5,99,0.459,0.425,20.4,43.1,1.5,8.8,4.7,0.182,0.03,0.003,0.158
12,North Carolina,Kenny,Williams,26,22,23.7,13.5,112.6,100.5,0.532,0.514,21.6,57.6,5.8,9.1,6.9,0.135,0.021,0.014,0.165
13,North Carolina,Kanler,Coker,21,1,1.3,11.7,146.7,101.4,0.726,0.5,125,0,7.5,7.7,7,0.052,0.02,0,0.139
14,North Carolina,Aaron,Rohlman,20,0,1.7,2.8,-,91.1,0,0,0,0,3.2,39.3,19.4,0.04,0.017,0,0.5
15,Florida State,Dwayne,Bacon,35,35,28.8,29.4,108.3,103.1,0.548,0.51,28.2,35,4,11.9,7.5,0.116,0.019,0.004,0.114
16,Florida State,PJ,Savoy,28,0,8.1,28.6,121.3,103.1,0.609,0.588,26.3,87.7,2,9,5.2,0.058,0.025,0.005,0.066
17,Florida State,CJ,Walker,33,0,12.5,21.4,104.8,102.4,0.502,0.46,40.4,41.2,3.6,8.6,5.7,0.174,0.027,0.005,0.135
18,Florida State,Jonathan,Isaac,32,32,26.2,20.3,120.5,93.2,0.622,0.568,46.1,34.8,7.7,25,15.3,0.075,0.025,0.062,0.135
19,Florida State,Xavier,Rathan-Mayes,35,35,27.7,20.3,110.5,103.9,0.532,0.52,39.5,41.9,2.6,10,5.9,0.288,0.019,0.004,0.158
20,Florida State,Brandon,Allen,14,0,6.1,19.9,124.7,105.6,0.639,0.625,6.3,71.9,1.3,6.2,3.6,0.082,0.013,0.025,0.084
21,Florida State,Braian,Angola-Rodas,34,0,11.8,18,121.4,102.3,0.59,0.543,35.7,43.5,3.2,11.8,7,0.171,0.021,0.011,0.119
22,Florida State,Michael,Ojo,35,34,12.2,17.9,123.9,99.4,0.648,0.564,71.3,0,14.9,14.4,13.4,0.027,0.013,0.075,0.169
23,Florida State,Trent,Forrest,35,0,15.4,17.3,108.1,96.8,0.534,0.477,55,6.2,6.7,12.6,8.9,0.163,0.045,0.01,0.179
24,Florida State,Jarquez,Smith,35,3,13.1,16.7,110.1,100,0.566,0.535,40,8.7,8.5,15.2,11,0.061,0.01,0.069,0.156
25,Florida State,Terance,Mann,35,34,25,15.2,122.1,102.3,0.62,0.593,44.9,11.6,8.6,11.5,9.3,0.109,0.022,0.007,0.15
26,Florida State,Christ,Koumadje,35,0,10.1,14.7,113.6,97.8,0.641,0.654,30.9,1.2,6.2,13.9,9.4,0.019,0.011,0.12,0.156
27,Florida State,Phil,Cofer,32,2,12.5,14.1,91.7,106.2,0.506,0.488,23.8,19,6.1,11,7.9,0.027,0.006,0.008,0.212
28,Louisville,Tyler,Sharpe,7,0,1.6,40.4,-,99.6,0.125,0.125,0,75,10,20.1,14,0.151,0,0,0.111
29,Louisville,Jay,Henderson,17,0,2.1,26.5,100,92.7,0.422,0.344,25,50,0,9.5,4.4,0.155,0.051,0,0.053
30,Louisville,Donovan,Mitchell,34,33,32.3,24.6,114.1,93.7,0.538,0.498,24.3,50.9,3.7,12.9,7.7,0.16,0.038,0.017,0.102
31,Louisville,Tony,Hicks,23,1,10,24.4,88.5,98,0.463,0.426,33.3,24.7,1,10.5,5.3,0.148,0.026,0.005,0.184
32,Louisville,Ryan,McMahon,28,0,6.3,21.4,111.7,99.6,0.537,0.492,23.3,86.7,1.3,7.5,4.1,0.166,0.02,0.013,0.131
33,Louisville,Quentin,Snider,28,28,31.3,21.4,113.6,103.2,0.515,0.478,27.2,49.8,2.8,6.7,4.4,0.233,0.012,0,0.111
34,Louisville,Deng,Adel,33,30,30.1,21,111.4,99.2,0.532,0.488,28.7,38,2.6,13.8,7.6,0.128,0.012,0.014,0.107
35,Louisville,V.J.,King,33,7,13.5,20.6,112.3,100.6,0.556,0.489,40.3,27.3,4.2,12.7,7.9,0.064,0.009,0.008,0.119
36,Louisville,Matz,Stockman,18,0,4.1,20.4,116.1,96.8,0.657,0.647,88.2,0,17.9,13.4,14.6,0.074,0.016,0.03,0.229
37,Louisville,Mangok,Mathiang,33,19,20.8,19.3,115.2,94,0.564,0.531,38.8,0,13.7,18.2,14.8,0.064,0.015,0.061,0.142
38,Louisville,Jaylen,Johnson,34,26,20.5,18.6,118.4,96.6,0.62,0.6,48.9,3.9,14.4,16.7,14.5,0.048,0.014,0.027,0.167
39,Louisville,Ray,Spalding,34,8,19.2,16,110.4,92.2,0.596,0.59,57.5,2.2,11,20.8,14.8,0.072,0.02,0.05,0.204
40,Louisville,Anas,Mahmoud,31,15,18.7,15.3,111.2,89.4,0.607,0.623,42.6,0,9.1,14.5,11,0.08,0.028,0.126,0.195
41,Louisville,David,Levitch,32,3,9.3,11.1,117.5,99.5,0.494,0.491,24.1,63,4.1,10.1,6.6,0.156,0.02,0,0.105
42,Notre Dame,Patrick,Mazza,4,0,1,39.3,-,88.7,0.5,0.5,0,0,0,28.5,13.4,0,0,0.262,0.333
43,Notre Dame,Matt,Gregory,5,0,1.2,34.9,-,115.1,0,0,0,100,0,0,0,0,0,0,0
44,Notre Dame,Bonzie,Colson,36,36,32.1,25.9,125.1,96.8,0.605,0.555,40.1,13.4,10.6,25.4,16.8,0.102,0.021,0.045,0.077
45,Notre Dame,Matt,Farrell,36,36,34.4,22,113,106.7,0.59,0.553,26.6,50.3,0.9,5.8,3.1,0.294,0.025,0.004,0.175
46,Notre Dame,V.J.,Beachem,36,36,34.2,21.9,107.6,104.7,0.549,0.52,16.5,54.4,2.2,11.4,6.4,0.048,0.016,0.032,0.078
47,Notre Dame,Matt,Ryan,36,0,7.9,21.3,116.4,107.3,0.633,0.616,10.1,83.8,2.5,10.4,6,0.093,0.013,0.004,0.112
48,Notre Dame,Steve,Vasturia,36,36,34.6,20,114.2,105.6,0.566,0.511,26.7,43.3,2.4,10.6,6.1,0.175,0.02,0.003,0.12
49,Notre Dame,Temple,Gibbs,36,1,15,18.5,108.1,104.4,0.519,0.438,43.4,39,2.6,8.7,5.3,0.197,0.029,0.004,0.147
50,Notre Dame,Martinas,Geben,34,23,12.4,12.5,127.5,100.4,0.684,0.646,46.2,0,11.8,19.8,14.6,0.103,0.019,0.027,0.22
51,Notre Dame,Rex,Pflueger,35,11,21.4,11.9,112.9,103.3,0.563,0.545,21.8,51.1,2.8,11.9,6.9,0.118,0.025,0.017,0.141
52,Notre Dame,Elijah,Burns,11,0,4,11.3,125.3,101.8,0.598,0.25,200,25,13.4,12.9,12.2,0.035,0.027,0.024,0.21
53,Notre Dame,John,Mooney,12,0,3.8,11.3,160.3,96.7,0.788,0.75,25,50,15.4,32.2,22.1,0.076,0.013,0.023,0.101
54,Notre Dame,Austin,Torres,36,1,7.3,11,108.9,102.3,0.523,0.553,47.4,0,10.4,13.5,11.1,0.045,0.021,0.032,0.164
55,Duke,Jayson,Tatum,29,27,33.3,26.1,110.1,97.2,0.573,0.507,38.1,32.1,4.9,19.7,11.8,0.124,0.023,0.032,0.151
56,Duke,Brennan,Besser,1,0,2,25.1,-,110.4,0,0,0,100,0,0,0,0,0,0,0
57,Duke,Grayson,Allen,34,25,29.6,25,115.1,104.3,0.576,0.508,44.5,62.2,2.7,11.3,6.7,0.215,0.015,0.002,0.148
58,Duke,Luke,Kennard,37,36,35.5,24,128.9,103.8,0.636,0.579,38.6,41.4,3.9,12.1,7.6,0.136,0.014,0.009,0.094
59,Duke,Frank,Jackson,36,16,24.9,21,117.6,105.9,0.605,0.564,36.3,45.9,3.1,8.2,5.4,0.126,0.013,0.002,0.131
60,Duke,Harry,Giles,26,6,11.5,17.9,114.6,96.1,0.576,0.577,30.8,0,16.4,21.5,17.8,0.056,0.017,0.053,0.169
61,Duke,Amile,Jefferson,35,35,29.7,16.9,125.1,96.9,0.635,0.613,60.1,0,9.7,22,15.1,0.093,0.013,0.059,0.14
62,Duke,Marques,Bolden,24,1,6.5,15.9,91.8,104.2,0.48,0.457,22.9,0,10.7,8.3,8.8,0.022,0.007,0.042,0.222
63,Duke,Antonio,Vrankovic,13,0,7.8,15.3,128.1,101.7,0.692,0.684,57.9,0,19,19.5,18,0.088,0,0.037,0.227
64,Duke,Jack,White,10,0,6.1,14.3,125.4,100.3,0.784,0.722,111.1,22.2,3.9,19.7,11.4,0.028,0.01,0.031,0.23
65,Duke,Nick,Pagliuca,5,0,1.6,12.6,-,112.5,0,0,0,100,0,0,0,0.363,0,0,0
66,Duke,Javin,DeLaurier,12,0,7.1,12.3,98.8,95.2,0.745,0.818,36.4,9.1,11.3,19.3,14.4,0.02,0.027,0.044,0.385
67,Duke,Matt,Jones,37,33,32.9,12,108.9,103,0.519,0.504,10.9,61.3,3.7,6,4.6,0.097,0.03,0.005,0.141
68,Duke,Chase,Jeter,16,6,14.9,11.6,94.3,99.7,0.541,0.5,103.8,0,9.1,11.5,9.6,0.04,0.017,0.067,0.31
69,Duke,Justin,Robinson,6,0,1.7,4.4,-,108.1,0.568,-,-,-,0,10.9,5.3,0,0,0,0
70,Virginia,Trevon,"Gross, Jr.",11,0,2.4,37,39.2,88.4,0.121,0.125,8.3,66.7,15.2,9.7,11.2,0.135,0.052,0,0.243
71,Virginia,Justice,Bartley,10,0,2.7,32.2,58.2,88,0.455,0.5,22.2,55.6,0,32.9,15.2,0.081,0,0.051,0.336
72,Virginia,Austin,Nichols,1,0,16,30.4,135.9,94.3,0.661,0.571,42.9,14.3,0,23.8,11,0,0,0,0
73,Virginia,Marial,Shayok,34,14,20.6,27.6,98.9,91.9,0.514,0.48,19.9,21.3,2.2,12.6,6.8,0.108,0.029,0.02,0.109
74,Virginia,London,Perrantes,34,34,32.1,24.1,109.7,96.7,0.548,0.506,25.8,49.3,1.3,10.6,5.5,0.247,0.015,0.003,0.129
75,Virginia,Kyle,Guy,34,6,18.6,22.3,114.2,97,0.581,0.563,17.1,50.2,1,10.4,5.3,0.152,0.014,0.002,0.087
76,Virginia,Jarred,Reuter,32,0,10.8,21.4,107.2,94.2,0.611,0.58,28.4,0,9.9,15.8,11.7,0.126,0.014,0.008,0.214
77,Virginia,Devon,Hall,34,34,27.4,19.4,105.8,94.3,0.517,0.473,27.3,35.1,3.1,17.3,9.4,0.139,0.013,0.006,0.113
78,Virginia,Darius,Thompson,33,15,20.8,19.1,105.9,93.5,0.539,0.523,25,43,1.1,8.9,4.6,0.215,0.027,0.024,0.147
79,Virginia,Ty,Jerome,34,4,13.9,18.3,109.1,93.2,0.623,0.605,16.4,66.4,0.3,14.5,6.8,0.212,0.021,0.006,0.203
80,Virginia,Jeff,Jones,5,0,3.6,16.2,-,98.2,0.5,0.5,0,66.7,7.3,14.1,9.7,0,0,0,0.4
81,Virginia,Mamadi,Diakite,32,1,14,15.6,111.9,88.6,0.568,0.56,35.9,12,8.2,15.2,10.7,0.027,0.012,0.12,0.109
82,Virginia,Isaiah,Wilkins,33,28,26.5,14.8,119.5,88.1,0.599,0.568,35.2,4.3,11.7,17.4,13.3,0.084,0.025,0.068,0.154
83,Virginia,Jack,Salt,34,34,18.4,12.5,111.9,91.9,0.559,0.559,48.4,0,11.1,17.2,12.9,0.039,0.012,0.049,0.157
84,Virginia Tech,Greg,Donlon,2,0,0.5,52.3,-,117.3,0,0,0,0,0,0,0,0,0,0,0
85,Virginia Tech,Zach,LeDay,33,5,29.4,26.7,121,104.8,0.625,0.554,63.2,11.8,11,18.5,14,0.086,0.011,0.035,0.123
86,Virginia Tech,Seth,Allen,32,5,28.9,23.4,110.5,109.9,0.654,0.626,35.6,42,1.1,8.1,4.5,0.229,0.016,0.004,0.215
87,Virginia Tech,Chris,Clarke,24,19,28.9,19.9,119.7,101.5,0.637,0.597,69.1,7.9,6.6,22.6,14.1,0.216,0.025,0.01,0.185
88,Virginia Tech,Justin,Robinson,33,33,31.5,19.2,109.2,110.1,0.568,0.494,55.4,45,2,9,5.4,0.27,0.013,0.006,0.214
89,Virginia Tech,Khadim,Sy,32,28,11.4,19.1,104,105.3,0.583,0.572,27.8,1,10,17.8,13.2,0.032,0.005,0.056,0.181
90,Virginia Tech,Ahmed,Hill,33,28,29.7,18.9,111.6,111,0.59,0.553,34.4,57.2,1.3,11.1,6.1,0.075,0.005,0.006,0.104
91,Virginia Tech,Johnny,Hamilton,3,0,7,16.5,173.1,99.4,0.828,1,150,0,18.6,5.3,10.7,0,0.056,0.049,0
92,Virginia Tech,Justin,Bibbs,33,33,31.3,15.3,108.7,111.9,0.562,0.542,15.9,61.5,1.5,8.7,5,0.091,0.006,0.003,0.109
93,Virginia Tech,Ty,Outlaw,33,14,17.7,14.8,124.1,107.3,0.688,0.682,6.8,80.1,2.2,15.9,8.9,0.034,0.009,0.019,0.091
94,Virginia Tech,Matt,Galloway,14,0,2.8,12.1,-,111.9,0.167,0.167,0,100,0,2.9,1.4,0.04,0.015,0,0
95,Miami (FL),Ja'Quan,Newton,30,28,31.4,27.4,96.1,101.6,0.517,0.468,40.1,12,2.3,10.8,6,0.236,0.023,0.001,0.201
96,Miami (FL),Davon,Reed,33,33,35.3,22.1,113.7,99.8,0.585,0.539,29,53.5,2.9,13.1,7.4,0.143,0.023,0.015,0.138
97,Miami (FL),Bruce,Brown,33,29,31.9,20.7,112.5,97.2,0.566,0.515,41.4,32.5,5.6,15.3,9.6,0.207,0.029,0.019,0.163
98,Miami (FL),Mike,Robinson,9,0,2.1,19.2,27.5,103.7,0.085,0,40,80,6.4,0,2.9,0,0.033,0,0.145
99,Miami (FL),Dewan,Huell,32,15,17.4,18.8,106.2,100.2,0.558,0.531,35.2,1.4,9.8,11.3,9.6,0.023,0.015,0.05,0.152
100,Miami (FL),Dejan,Vasiljevic,33,0,17.5,18.7,107.9,105.2,0.516,0.497,11,80.2,1.1,7.9,4.1,0.052,0.012,0.002,0.064
101,Miami (FL),Ebuka,Izundu,32,9,13,18.2,108.4,98.8,0.579,0.541,42.9,0,13.7,14,12.6,0.03,0.01,0.067,0.188
102,Miami (FL),Anthony,"Lawrence, Jr.",33,18,26,15.3,106.2,97.7,0.559,0.517,35.8,57.2,3.8,13.2,7.8,0.126,0.031,0.02,0.19
103,Miami (FL),Rodney,Miller,15,0,3.8,14.8,103.1,105.6,0.468,0.455,81.8,0,8.6,10.3,8.6,0,0,0.02,0.063
104,Miami (FL),Kamari,Murphy,33,33,29.4,14.7,102.4,99.6,0.533,0.508,36.5,0.5,9.9,19.5,13.5,0.038,0.008,0.026,0.186
105,Miami (FL),Chris,Stowell,6,0,1.7,5.3,-,101.6,0,0,0,100,0,23.4,10.8,0,0,0,0
106,Syracuse,Doyin,Akintobi-Adeyeye,13,0,1.5,38.8,78.6,97.9,0.437,0.455,9.1,0,25.1,11.5,16.4,0,0.031,0.125,0.208
107,Syracuse,Jonathan,Radner,4,0,1.5,34.1,-,99.4,0,0,0,66.7,0,36.4,17.3,0.511,0,0,0.25
108,Syracuse,Adrian,Autry,12,0,1.4,28.4,87.6,91.9,0.424,0.444,11.1,77.8,0,19.3,9.1,0,0.07,0,0
109,Syracuse,Taurean,Thompson,34,21,17.9,26.5,106.5,101.6,0.575,0.553,31.9,6.7,9.2,14.8,11,0.071,0.023,0.065,0.139
110,Syracuse,"III,",White,34,34,37.2,23,117.5,105.4,0.612,0.565,31.3,61.6,2.6,11.2,6.5,0.061,0.026,0.011,0.098
111,Syracuse,Ky,Feldman,9,0,1.6,21.9,-,113.8,0.417,0.417,0,83.3,8.5,7.8,7.4,0.28,0,0,0
112,Syracuse,DaJuan,Coleman,17,13,15.6,21.1,99.2,101.2,0.556,0.535,49.3,1.4,14,20.6,15.8,0.022,0.016,0.04,0.21
113,Syracuse,Frank,Howard,33,14,16.2,21,96.8,103.2,0.459,0.417,38.1,41,4,7.6,5.3,0.402,0.042,0.011,0.26
114,Syracuse,Shaun,Belbey,12,0,1.5,19.9,-,117.7,0.2,0.2,0,40,0,0,0,0.186,0,0,0.286
115,Syracuse,John,Gillon,34,23,29.9,18.9,117.4,108.2,0.588,0.516,42.2,50.4,1.5,5.4,3.2,0.33,0.029,0.001,0.192
116,Syracuse,Tyus,Battle,34,25,30.7,18.2,114.2,108.1,0.58,0.536,30.4,56,1.3,6.4,3.6,0.105,0.025,0.009,0.105
117,Syracuse,Tyler,Lydon,34,34,36.1,17.9,119.7,101.8,0.605,0.55,36.4,38.9,7.7,19.2,12.4,0.108,0.017,0.047,0.138
118,Syracuse,Evan,Dourdas,3,0,1,17,-,117.7,-,-,-,-,0,0,0,0,0,0,1
119,Syracuse,Tyler,Roberson,34,6,20.4,14.6,107.7,103.4,0.557,0.566,41.2,0,11,16.3,12.5,0.08,0.015,0.046,0.187
120,Syracuse,Mike,Sutton,7,0,1.7,14.6,50,104,0,0,50,100,9.9,27.3,17.3,0.255,0,0,0.291
121,Syracuse,Ray,Featherston,3,0,1.3,12.8,-,117.7,1.5,1.5,0,100,0,0,0,0,0,0,0
122,Syracuse,Paschal,Chukwu,7,0,15.4,10.9,71.3,97.5,0.463,0.667,100,0,12.2,18.2,13.9,0.031,0.017,0.154,0.436
123,Wake Forest,John,Collins,33,33,26.6,29.7,128.7,104.7,0.668,0.622,58.5,0.3,16.4,25.7,19.4,0.045,0.014,0.065,0.114
124,Wake Forest,Donovan,Mitchell,4,0,1.8,27.1,62.8,115.2,0.798,1,200,0,0,16.1,7.5,0,0,0,0.515
125,Wake Forest,Bryant,Crawford,33,33,31.8,25,117.6,109.7,0.578,0.508,44.6,40.4,1.2,12.3,6.3,0.322,0.026,0.009,0.141
126,Wake Forest,Anthony,Bilas,3,0,0.7,24.4,-,118.7,0,0,0,0,0,0,0,0,0,0,0
127,Wake Forest,Aaron,Spivey,2,0,1,21.5,-,101.1,0.568,-,-,-,0,56.3,26.3,0,0,0,0
128,Wake Forest,Rich,Washington,8,0,2.1,20.1,-,115.4,0.167,0.167,0,66.7,0,13.3,6.2,0.276,0,0,0.143
129,Wake Forest,Keyshawn,Woods,33,22,30.5,19.3,118.2,113.6,0.605,0.575,26.9,36.7,2.7,13,7.3,0.21,0.01,0,0.143
130,Wake Forest,Dinos,Mitoglou,33,32,24.6,18.9,109,108.7,0.556,0.486,45.7,39.4,8.5,19.9,13.1,0.061,0.014,0.03,0.156
131,Wake Forest,Doral,Moore,31,0,8.4,18.5,92.3,105.8,0.539,0.525,49.2,0,11.2,19.1,14,0.007,0.004,0.115,0.244
132,Wake Forest,Brandon,Childress,33,0,21.5,17.9,100,112,0.509,0.432,47.5,43.5,1,10.3,5.3,0.164,0.022,0.002,0.18
133,Wake Forest,Austin,Arians,33,33,22.8,15.4,127.8,114.9,0.649,0.619,18.4,71.1,2.5,6.9,4.3,0.085,0.013,0.004,0.088
134,Wake Forest,Mitchell,Wilbekin,32,10,24.8,13.7,115.4,114.3,0.553,0.489,31.6,65.5,0.7,6,3.1,0.1,0.018,0.003,0.094
135,Wake Forest,Sam,Japhet-Mathias,17,0,4,12.8,85.7,111.2,0.551,0.5,20,0,12,13.3,11.6,0.024,0,0.065,0.391
136,Wake Forest,Troy,Rike,5,0,1.2,11.7,143.7,99.7,0.694,1,100,0,19.4,56.3,35.1,0,0,0,0
137,Wake Forest,Greg,McClinton,26,1,7.1,10.3,98.2,114.2,0.514,0.537,18.5,3.7,12.6,7.9,9.4,0.009,0.012,0.006,0.255
138,Wake Forest,Trent,VanHorn,22,1,2.4,8.2,95.9,117,0.51,0.4,40,0,2.2,8.5,5,0.143,0,0,0.338
139,Wake Forest,Britton,Anderson,1,0,0,-,-,-,-,-,-,-,-,-,-,-,-,-,-
140,Georgia Tech,Norman,Harris,4,0,1.8,36.3,-,108.6,0.25,0.25,0,0,16.7,0,7.3,0,0,0,0.2
141,Georgia Tech,Tadric,Jackson,36,5,23.8,28.8,95.8,101.4,0.514,0.499,27.4,32.5,1.8,8.3,4.8,0.183,0.016,0.009,0.124
142,Georgia Tech,Josh,Okogie,37,37,30.8,27.3,106.5,96.1,0.558,0.486,56.3,17.1,5.7,13.6,9.1,0.121,0.025,0.025,0.126
143,Georgia Tech,Shaheed,Medlock,3,0,2,25.4,-,98.9,0.333,0.333,0,0,0,17.6,8.5,0,0,0,0
144,Georgia Tech,Christian,Matthews,15,0,7.3,24.9,101.6,101.2,0.533,0.462,51.3,35.9,2.1,6.7,4.2,0.076,0.016,0.029,0.112
145,Georgia Tech,Ben,Lammers,37,37,35.4,20.9,110.9,91.1,0.556,0.517,32,0.5,9.9,18.7,13.4,0.133,0.019,0.101,0.119
146,Georgia Tech,Rand,Rowland,8,0,2,19.1,-,106.4,0.333,0.333,0,0,21.9,6.6,12.8,0.227,0,0,0.5
147,Georgia Tech,Quinton,Stephens,37,37,33.3,19,95,94,0.495,0.461,26.8,54.8,4.7,20,11.8,0.128,0.021,0.023,0.157
148,Georgia Tech,Sylvester,Ogbonda,23,0,5.2,18.2,92.6,95.6,0.529,0.481,59.3,0,6.8,15,10.3,0.066,0.015,0.053,0.209
149,Georgia Tech,Justin,Moore,34,18,18.8,16.8,86.9,102.5,0.464,0.442,37.2,7.3,2.8,7.5,4.8,0.244,0.014,0.007,0.242
150,Georgia Tech,Jodan,Price,15,0,2.9,16.6,-,96,0.179,0.179,0,71.4,0,17.2,8.3,0.041,0.014,0.049,0
151,Georgia Tech,Abdoulaye,Gueye,20,3,10.1,13.8,61.3,96.1,0.375,0.393,21.4,10.7,10.4,16.2,12.4,0.08,0.009,0.063,0.439
152,Georgia Tech,Josh,Heath,33,24,30.7,13.6,85.2,100.6,0.467,0.429,26,25.4,1.5,7.6,4.3,0.26,0.022,0.006,0.306
153,Georgia Tech,Kellen,McCormick,24,0,4.7,9.5,-,104.2,1.094,1.094,0,93.8,1,6.6,3.6,0.052,0.01,0,0.238
154,Georgia Tech,Corey,Heyward,37,24,16.8,8.4,93,101,0.428,0.371,45.7,47.1,3.2,8.5,5.5,0.106,0.019,0.003,0.176
155,Clemson,Jaron,Blossomgame,33,33,34.3,25.8,114.1,106.7,0.567,0.526,38.1,21.3,5.9,15.5,9.8,0.097,0.014,0.029,0.098
156,Clemson,Marcquise,Reed,33,0,21.5,23.3,116.6,104.7,0.58,0.492,44.7,34.6,2.6,10,5.7,0.174,0.039,0.002,0.124
157,Clemson,Elijah,Thomas,24,9,16.9,22.2,110,99.3,0.573,0.578,35.6,0.7,8.7,20.5,13.4,0.037,0.025,0.075,0.114
158,Clemson,Scott,Spencer,6,0,4.7,21.9,-,107.6,0.333,0.333,0,16.7,0,12.7,5.7,0,0.021,0,0
159,Clemson,Shelton,Mitchell,29,27,27,21.5,111.1,110.7,0.581,0.522,41,27.9,1.6,8.6,4.7,0.251,0.015,0.003,0.179
160,Clemson,Riley,McGillan,6,0,2.5,20.5,-,108.7,0.2,0.2,0,80,0,0,0,0.113,0.04,0,0.167
161,Clemson,Gabe,DeVoe,33,7,24,18.5,96.3,106.5,0.485,0.474,13.2,58.6,3.2,10.6,6.3,0.143,0.028,0.01,0.164
162,Clemson,Avry,Holmes,33,33,26.8,17.9,122,109,0.601,0.554,32.7,62.9,2.1,8.4,4.8,0.092,0.023,0.001,0.087
163,Clemson,Isaac,Fields,3,0,2,17,-,117.9,0.5,0.5,0,50,0,0,0,0,0,0,0
164,Clemson,Donte,Grantham,33,32,27.8,16.1,100.8,107.4,0.485,0.464,13.2,49.8,5.2,13.1,8.4,0.1,0.016,0.025,0.139
165,Clemson,Sidy,Djitte,32,24,23.5,15.4,115.5,102.9,0.589,0.533,69.1,1.5,17.6,20.6,17.6,0.054,0.018,0.039,0.216
166,Clemson,Ty,Hudson,18,0,5.2,15.4,-,113.2,0.238,0.238,0,61.9,1.2,3.8,2.3,0.105,0.013,0,0.25
167,Clemson,Lyles,Davis,4,0,2,12,130.4,59.7,0.532,1,200,0,0,59.3,26.8,0.47,0.15,0,0
168,Clemson,Legend,Robertin,15,0,6.5,9.6,88.3,104.4,0.458,0.6,120,0,7,9.8,7.7,0,0.006,0.146,0.164
169,Pittsburgh,Michael,Young,33,31,33.2,30.9,112.6,109,0.562,0.497,46.1,25.7,5.8,17.3,10.8,0.203,0.01,0.024,0.108
170,Pittsburgh,Jamel,Artis,32,31,34.3,27,113.2,112.8,0.603,0.564,38.3,45.8,4.4,11.8,7.6,0.228,0.007,0.008,0.147
171,Pittsburgh,Zach,Smith,8,0,1.9,21,-,116.7,0,0,0,100,8,7.5,7.1,0,0,0,0.167
172,Pittsburgh,Jonathan,Milligan,27,1,8.4,18.4,86.3,117.5,0.443,0.413,12.7,79.4,1.1,3,1.9,0.126,0.003,0.005,0.163
173,Pittsburgh,Cameron,Johnson,33,33,33.3,16.9,121.2,110,0.619,0.585,26.1,66.2,2.5,12.8,7.2,0.144,0.017,0.01,0.107
174,Pittsburgh,Sheldon,Jeter,33,33,28.9,16.6,107.2,105.6,0.53,0.489,32.6,34.4,10,18.8,13.4,0.112,0.019,0.036,0.165
175,Pittsburgh,Ryan,Luther,21,2,19.3,16.4,103.4,109.3,0.639,0.596,46.2,28.2,7.4,15.7,10.8,0.074,0.007,0.036,0.26
176,Pittsburgh,Corey,Manigault,18,0,4.4,15.4,87,112.8,0.319,0.25,40,15,7.5,14,10,0.046,0,0.013,0
177,Pittsburgh,Rozelle,Nix,20,0,6.3,15.3,98.8,104.6,0.454,0.375,54.2,0,17.2,30.2,22,0.015,0,0.033,0.191
178,Pittsburgh,Damon,Wilson,29,1,6.3,13.5,62,115.2,0.317,0.258,38.7,38.7,0.7,7.9,4.1,0.088,0.003,0.006,0.233
179,Pittsburgh,Chris,Jones,32,31,32.1,13.1,103.6,113.4,0.565,0.509,59,24.8,2.3,8.4,5,0.129,0.011,0.009,0.207
180,Pittsburgh,Ryan,Seelye,2,0,2,13.1,-,120,1,1,0,0,0,0,0,0,0,0,0
181,Pittsburgh,Justice,Kithcart,29,2,13.3,10,77.9,113.9,0.35,0.348,47.8,45.7,1.6,4.6,2.9,0.156,0.014,0.011,0.244
182,North Carolina State,Chris,"Corchiani, Jr.",5,0,1.4,62,82.7,120.3,0.436,0.333,33.3,0,0,0,0,0.71,0,0,0.225
183,North Carolina State,Tucker,Thompson,5,0,1.4,34.9,-,113.9,0.6,0.6,0,0,16.7,15.2,14.6,0,0,0,0
184,North Carolina State,Dennis,"Smith, Jr.",32,32,34.8,27,110.8,108.7,0.571,0.52,47.6,36.4,2.7,11.5,6.7,0.342,0.031,0.012,0.175
185,North Carolina State,Abdul-Malik,Abu,32,31,28.5,21.3,106.5,110,0.567,0.529,34.3,1.4,9.1,17.9,12.5,0.072,0.008,0.03,0.161
186,North Carolina State,Terry,Henderson,32,32,30.9,20.6,114.9,113.9,0.602,0.557,37.3,64.6,2.6,8.3,5.1,0.094,0.013,0.018,0.122
187,North Carolina State,Torin,Dorn,32,18,24,19.4,108,111.9,0.581,0.553,34.2,28.9,4.4,16.5,9.8,0.065,0.01,0.005,0.141
188,North Carolina State,Maverick,Rowan,25,17,29.9,19.3,109.8,114,0.565,0.536,16.2,59.5,3.3,10.1,6.3,0.054,0.012,0.005,0.102
189,North Carolina State,Omer,Yurtseven,22,14,18.9,18.6,98.9,110.5,0.5,0.461,27.6,2.6,8.4,16.9,11.8,0.111,0.005,0.038,0.177
190,North Carolina State,Shaun,Kirk,14,0,4.6,18.5,103.3,109.7,0.687,0.656,31.3,62.5,1.8,20,10.4,0.057,0.009,0.015,0.248
191,North Carolina State,Ted,Kapita,26,3,12.6,16.6,111.8,110.7,0.655,0.608,37.8,0,10.3,19.1,13.7,0.05,0.003,0.024,0.225
192,North Carolina State,Chris,Brickhouse,6,0,1.5,16.3,-,105.6,0,0,0,0,38.9,23.7,28.3,0.161,0,0.109,0.667
193,North Carolina State,Markell,Johnson,30,3,20.4,13.2,95,112.4,0.446,0.426,21.3,39.3,2.9,5.9,4.1,0.182,0.024,0.016,0.193
194,North Carolina State,Beejay,Anya,27,10,12.9,12.7,96.8,108.4,0.529,0.538,82.7,0,6.7,14.7,10,0.052,0.005,0.093,0.211
195,North Carolina State,Darius,Hicks,21,0,6.3,8.3,69.9,114.7,0.258,0.25,212.5,12.5,8,12.1,9.3,0.079,0,0.022,0.311
196,Boston College,Gordon,Gehan,3,0,1,32.9,-,117.7,0,0,0,50,0,0,0,0,0,0,0
197,Boston College,Jerome,Robinson,32,32,34,30.6,97.8,107.4,0.52,0.477,32.2,32.2,2.1,11.2,6,0.214,0.028,0.012,0.151
198,Boston College,Mike,Sagay,15,0,4.5,29.7,76.2,107.4,0.449,0.448,34.5,24.1,5,19.3,11.1,0,0.017,0.016,0.173
199,Boston College,Nik,Popovic,29,1,13.8,25.1,94.6,109.1,0.511,0.503,20,10.6,9,20.2,13.4,0.07,0.004,0.024,0.147
200,Boston College,Ky,Bowman,32,29,28.8,24.9,105.5,107.6,0.615,0.588,32,42.5,3.1,16.6,8.9,0.206,0.022,0.005,0.201
201,Boston College,Ervins,Meznieks,9,0,4.6,18,-,106.4,0.4,0.4,0,80,2.7,11.5,6.5,0.083,0.027,0.026,0.333
202,Boston College,Mo,Jeffers,32,31,20.3,16.5,94.5,107.4,0.511,0.493,35.3,0,10.7,21.1,14.6,0.045,0.01,0.028,0.206
203,Boston College,Jordan,Chatman,32,7,24.8,16.4,109.6,111.4,0.6,0.558,22.1,66.8,1.7,8.4,4.6,0.078,0.014,0.009,0.136
204,Boston College,Connar,Tava,32,27,25.3,14.7,95.6,108,0.552,0.5,58.8,22.8,6.4,18.6,11.4,0.143,0.015,0.013,0.29
205,Boston College,Johncarlos,Reyes,21,0,6.4,14.5,93.2,103.4,0.525,0.536,35.7,0,4.2,16.7,9.5,0.055,0.017,0.088,0.178
206,Boston College,A.J.,Turner,32,28,30.8,14,112.3,111.9,0.547,0.531,17.5,57.2,2.3,10.1,5.6,0.174,0.011,0.008,0.118
207,Boston College,Garland,Owens,28,2,10.5,12.1,98.3,109.8,0.481,0.46,28,34,7.6,17.6,11.5,0.133,0.006,0.022,0.222
208,Boston College,Matt,DiLuccio,1,0,1,0,-,117.7,-,-47.4,-,-,0,0,0,0,0,0,-
209,Boston College,Aser,Ghebremichael,2,0,1,0,-,101.4,-,-,-,-,0,58.8,26.5,0,0,0,-
210,Kentucky,Jonny,David,7,0,1.6,28.6,67,107.8,0.665,0.75,200,50,0,0,0,0,0,0,0.444
211,Kentucky,De'Aaron,Fox,36,34,29.6,27.4,112.2,96.5,0.556,0.498,47.4,15.4,2.1,12.2,6.6,0.286,0.027,0.007,0.139
212,Kentucky,Malik,Monk,38,37,32.1,27.2,116.1,100.4,0.592,0.543,32.3,47,1.1,7.2,3.8,0.133,0.016,0.015,0.107
213,Kentucky,Isaiah,Briscoe,36,36,30.4,21.3,106.3,98.6,0.53,0.494,42.7,17,5.3,13.7,8.8,0.232,0.015,0.006,0.178
214,Kentucky,Sacha,Killeya-Jones,15,0,6.4,20.6,105.5,91.8,0.562,0.586,51.7,0,13.6,21,15.9,0.037,0.006,0.103,0.164
215,Kentucky,Mychal,Mulder,32,2,10.6,20,116.4,99.8,0.56,0.539,10.1,74.4,5.1,10,7,0.06,0.013,0.018,0.075
216,Kentucky,Edrice,Adebayo,38,38,30.1,18.3,122.9,95.4,0.637,0.599,83.1,0,11.2,17.2,13.1,0.047,0.012,0.049,0.142
217,Kentucky,Brad,Calipari,15,0,3,17.8,60,104.5,0.263,0.231,38.5,92.3,2.4,4.7,3.3,0.032,0,0.022,0.116
218,Kentucky,Isaac,Humphries,38,1,8.3,17,113.8,93.7,0.53,0.511,28.4,0,17.6,18.5,16.6,0.048,0.014,0.057,0.139
219,Kentucky,Wenyen,Gabriel,38,23,17.8,13.8,108.2,95.1,0.505,0.473,37.2,42.6,9.8,19.3,13.4,0.059,0.009,0.05,0.144
220,Kentucky,Derek,Willis,38,15,21.8,13.8,121.6,93.2,0.609,0.598,15.6,63.4,5.2,21.1,12.2,0.066,0.016,0.047,0.11
221,Kentucky,Dillon,Pulliam,6,0,1.3,11.6,-,102.8,0,0,0,0,0,13.2,6.2,0.168,0,0,0.5
222,Kentucky,Dominique,Hawkins,38,4,19.2,11.5,122.6,100.3,0.548,0.482,38.1,46,3.4,5.7,4.2,0.131,0.022,0,0.1
223,Kentucky,Tai,Wynyard,15,0,3.6,8,129,95.5,0.751,0.833,50,0,10.1,15.7,11.9,0.028,0.01,0.055,0.215
224,Florida,Canyon,Barry,35,1,21.3,24.9,118.5,98.5,0.578,0.495,44.3,43.3,4.4,10.3,6.7,0.06,0.014,0.018,0.082
225,Florida,KeVaughn,Allen,36,36,28.6,22.9,116.5,97.2,0.588,0.539,26.8,54.9,0.9,8.5,4.3,0.105,0.025,0.01,0.097
226,Florida,Kasey,Hill,36,36,28.9,22.8,91.8,95.2,0.472,0.42,42.8,14.1,1.6,9.4,5.1,0.29,0.033,0.005,0.229
227,Florida,John,Egbunu,24,19,22.3,20.2,100.6,92.3,0.535,0.496,80,0.8,12.4,20.7,15.1,0.025,0.009,0.069,0.193
228,Florida,Devin,Robinson,36,35,26.4,19.9,117.1,93.1,0.582,0.547,33.8,36.8,7.3,18.5,11.8,0.048,0.019,0.031,0.102
229,Florida,Chris,Chiozza,36,0,22.2,18.2,111.2,92.9,0.546,0.485,39.6,47.5,2.1,14.6,7.6,0.307,0.035,0,0.191
230,Florida,Gorjok,Gak,15,0,5.3,17.6,91.2,95.7,0.537,0.647,58.8,0,15.4,16.8,14.7,0,0.007,0.038,0.246
231,Florida,Keith,Stone,34,0,12.1,17,104,97.1,0.523,0.495,29.8,44.2,7.9,12.3,9.2,0.08,0.016,0.017,0.164
232,Florida,Justin,Leon,36,36,22.3,16,116.4,98,0.576,0.547,20.2,57.7,6.8,13.3,9.2,0.039,0.012,0.006,0.108
233,Florida,Kevarrius,Hayes,36,16,18.3,14.9,126.7,90.3,0.647,0.606,79.5,0,11.7,15.4,12.4,0.02,0.022,0.093,0.136
234,Florida,Schuyler,Rimmer,21,1,5.3,13.7,103.1,98.9,0.505,0.45,65,5,9.1,10.1,8.8,0.031,0.005,0.037,0.163
235,Florida,Eric,Hester,20,0,5.6,12.3,155.4,96,0.868,0.891,17.4,82.6,1,9,4.6,0.103,0.031,0,0.108
236,Arkansas,Jonathan,Holmes,6,0,1.2,34.7,-,109.3,0.2,0.2,0,80,0,15.1,7.2,0,0,0,0
237,Arkansas,Jaylen,Barford,36,30,25.4,27.4,101.7,105.1,0.516,0.475,27.5,27.5,4.9,11.2,7.5,0.157,0.027,0.007,0.138
238,Arkansas,Dusty,Hannahs,36,23,24.8,27,113.4,112.2,0.595,0.535,31.1,49.9,2.6,5,3.5,0.096,0.01,0.005,0.121
239,Arkansas,Daryl,Macon,36,21,25.2,23.8,120.1,107,0.635,0.558,50.5,54,2.4,8.8,5.3,0.164,0.026,0.002,0.146
240,Arkansas,Moses,Kingsley,36,36,27.7,22.6,108.4,99.4,0.55,0.478,53,5,9.1,21,14,0.09,0.013,0.098,0.151
241,Arkansas,Anton,Beard,36,11,21,18.2,110,107.3,0.528,0.479,35.2,42.3,4.4,6.4,5,0.16,0.029,0.001,0.131
242,Arkansas,C.J.,Jones,21,0,6,16.6,124.9,108.8,0.653,0.639,19.4,66.7,0,10.9,5.2,0.085,0.005,0.042,0.093
243,Arkansas,Dustin,Thomas,36,27,18,16.1,106.6,104.1,0.534,0.49,47.3,3.4,8,14.8,10.6,0.101,0.02,0.016,0.168
244,Arkansas,Arlando,Cook,36,7,11.3,15.4,96.2,105,0.484,0.438,41.6,0,8.2,14.1,10.3,0.05,0.014,0.036,0.179
245,Arkansas,Adrio,Bailey,27,2,7.4,14.2,98.2,100.6,0.528,0.564,48.7,0,7.5,11.6,8.8,0.06,0.04,0.037,0.188
246,Arkansas,Brachen,Hazen,14,0,3,13.6,45.8,104.4,0.193,0.167,66.7,33.3,5.5,25.2,14.4,0.071,0,0,0.34
247,Arkansas,Manuale,Watkins,36,23,22.3,12,127.4,103,0.606,0.603,18.2,17,5.3,14,9,0.143,0.032,0.001,0.101
248,Arkansas,Trey,Thompson,36,0,14,8.7,124.7,99.5,0.642,0.618,52.7,1.8,6.8,18.3,11.7,0.178,0.025,0.061,0.245
249,South Carolina,Sindarius,Thornwell,31,31,34.3,28.9,120.6,88.8,0.6,0.51,59,33.7,8,15.9,10.7,0.188,0.036,0.033,0.121
250,South Carolina,PJ,Dozier,36,36,29,28.2,97.5,90.5,0.476,0.452,27.5,30.1,4.1,15.1,8.6,0.225,0.034,0.011,0.129
251,South Carolina,Chris,Silva,37,37,21,24,110.6,88.3,0.606,0.524,76.8,0.4,11.9,21.3,15,0.037,0.017,0.077,0.181
252,South Carolina,Rakym,Felder,36,1,14.6,21.5,98.6,94.9,0.557,0.52,44.1,53.3,1.5,10.3,5.2,0.181,0.023,0.009,0.213
253,South Carolina,Christian,Schmitt,5,0,1.4,20.9,-,104.7,0,0,0,100,0,0,0,0,0,0,0.667
254,South Carolina,Evan,Hinson,8,0,2.6,20.7,125,85.2,0.507,0.438,25,62.5,10.5,16.8,12.3,0.101,0.056,0,0
255,South Carolina,Duane,Notice,37,37,33,16.2,108.8,98.4,0.534,0.503,30.5,65,2.8,6.1,4,0.139,0.018,0.007,0.128
256,South Carolina,Hassani,Gravett,35,3,16.6,15.4,81.3,98.2,0.385,0.35,23.3,51.9,3,8.3,5.1,0.154,0.014,0.002,0.201
257,South Carolina,Maik,Kotsar,37,33,24.2,14.5,96.6,94.2,0.486,0.49,26.8,0,8.9,13.7,10.2,0.058,0.018,0.018,0.166
258,South Carolina,Justin,McKie,37,7,16.9,14.2,105.2,96.1,0.489,0.473,16.1,49,4,9.9,6.3,0.141,0.02,0.006,0.121
259,South Carolina,TeMarcus,Blanton,21,0,5.9,14,93.1,93,0.474,0.462,30.8,46.2,7.1,13.3,9.2,0.03,0.028,0,0.169
260,South Carolina,Ran,Tut,12,0,5.1,12.8,-,87.1,0.4,0.4,0,6.7,7.2,21.2,12.7,0.064,0.029,0.058,0.063
261,South Carolina,Sedee,Keita,29,0,9.6,11.7,67.5,92.5,0.308,0.273,40.9,2.3,7.9,16,10.8,0.019,0.015,0.046,0.224
262,South Carolina,Khadim,Gueye,28,0,7.1,6.3,62.4,96.7,0.354,0.25,66.7,0,4.4,10.7,6.8,0.017,0.006,0.042,0.392
263,South Carolina,Jarrell,Holliman,15,0,5.9,6,99.3,100.4,0.45,0.375,25,0,4.9,7.9,5.8,0.039,0,0.013,0.184
264,South Carolina,Tommy,Corchiani,5,0,2.2,4.4,-,99,-,-,-,-,0,10.7,4.7,0,0,0,1
265,South Carolina,Kory,Holden,1,0,0,-,-,-,-,-,-,-,-,-,-,-,-,-,-
266,South Carolina,John,Ragin,1,0,0,-,-,-,-,-,-,-,-,-,-,-,-,-,-
267,Ole Miss,Terence,Davis,36,27,25.3,27.9,109.7,100.7,0.572,0.541,28.7,35.4,6,16,10,0.168,0.03,0.022,0.137
268,Ole Miss,Deandre,Burnett,33,27,30,27.6,108.2,108.8,0.558,0.449,55.8,49.6,1.6,5.8,3.4,0.214,0.019,0.007,0.162
269,Ole Miss,Breein,Tyree,34,23,19.1,23.9,88,107.7,0.478,0.432,32.5,38.2,1.5,8.9,4.7,0.2,0.019,0,0.214
270,Ole Miss,Sebastian,Saiz,36,36,33.3,21.9,111.8,99.4,0.565,0.496,55.7,18.9,10.9,25.1,16.4,0.063,0.017,0.035,0.143
271,Ole Miss,Cullen,Neal,36,12,23.6,18.5,114.9,110.5,0.605,0.541,36.9,63.9,1.3,6.3,3.5,0.181,0.011,0.001,0.164
272,Ole Miss,Rasheed,Brooks,33,12,22.3,16.9,95.7,106.9,0.477,0.45,10.9,58.3,3.2,9.1,5.6,0.136,0.02,0.009,0.166
273,Ole Miss,Lane,Below,4,0,1.5,15.7,-,115.4,0.5,0.5,0,0,0,0,0,0,0,0,0
274,Ole Miss,Donte,Fitzpatrick-Dorsey,22,2,6.6,14.6,88.6,106.6,0.48,0.37,44.4,18.5,7.3,10.1,7.9,0.11,0.019,0.008,0.287
275,Ole Miss,Justas,Furmanavicius,36,17,25,12.5,113.4,104.3,0.553,0.503,75.2,20.3,8.7,12.5,9.6,0.077,0.016,0.046,0.154
276,Ole Miss,Nate,Morris,7,0,5.1,10.4,-,104.3,0,0,0,0,6,14.6,9.4,0,0,0.092,0.375
277,Ole Miss,Marcanvis,Hymon,36,24,21.8,9.8,95.4,101.9,0.504,0.515,57.6,0,8.7,15.6,11,0.045,0.018,0.056,0.244
278,Ole Miss,Karlis,Silins,8,0,4.9,8.1,80.4,108.3,0.42,0.333,133.3,0,8.2,5.4,6.2,0,0.014,0.028,0.296
279,Alabama,Ar'mond,Davis,32,0,13.8,27.2,90.8,97.8,0.446,0.411,16.3,59.4,1.8,10.1,5.4,0.021,0.018,0.005,0.085
280,Alabama,Brandon,Austin,6,0,7.3,25.5,31,99.5,0.094,0.053,26.3,31.6,5.1,5.1,4.6,0.04,0.014,0.026,0.045
281,Alabama,Braxton,Key,34,30,29.8,24.7,95.7,95.6,0.524,0.483,47.7,30.2,6,15.3,9.7,0.189,0.012,0.023,0.214
282,Alabama,Shannon,Hale,21,1,11.7,24.1,83.9,96.9,0.456,0.368,57.9,53.9,2.7,11.3,6.4,0.05,0.012,0.028,0.187
283,Alabama,Avery,"Johnson, Jr.",34,6,19.3,23.7,90.7,97.6,0.428,0.396,16.5,41.7,1.9,7.8,4.4,0.163,0.023,0.002,0.117
284,Alabama,Lawson,Schaffer,17,0,1.6,23.1,149.6,87.3,0.68,0.6,40,80,4,12,7.3,0.403,0.064,0,0.078
285,Alabama,Dazon,Ingram,34,34,27.5,20.6,109.2,95.4,0.609,0.566,68.7,21.6,4.2,14,8.3,0.263,0.019,0.01,0.223
286,Alabama,Nick,King,7,2,12.7,19.7,78,88.8,0.416,0.38,24,52,3.8,21.3,11.5,0.068,0.034,0.025,0.202
287,Alabama,Corban,Collins,32,14,21.8,18.5,102.5,99.3,0.497,0.465,30.2,64.8,1.5,7.8,4.2,0.139,0.015,0,0.117
288,Alabama,Riley,Norris,34,27,27.3,17.7,106.5,98,0.532,0.498,25.2,54.7,5,10.6,7.1,0.057,0.015,0.005,0.117
289,Alabama,Jimmie,Taylor,34,14,18.2,15.4,102.1,91.5,0.574,0.577,51.2,0,7.5,15.3,10.4,0.069,0.015,0.086,0.201
290,Alabama,Donta,Hall,34,20,19.7,13.9,122.5,89.6,0.663,0.658,62.5,0,11.1,20,14.1,0.057,0.016,0.081,0.168
291,Alabama,Bola,Olaniyan,33,22,16.1,13,98.8,89.3,0.545,0.513,52.6,0,18.9,25.8,20.3,0.048,0.026,0.002,0.315
292,Alabama,Landon,Fuller,3,0,1.7,0,-,106.4,-,-,-,-,0,0,0,0,0,0,-
293,Vanderbilt,Matthew,Fisher-Davis,34,22,27.9,26.2,106.8,103.7,0.572,0.521,33.7,63,1.4,11.5,6.2,0.087,0.013,0.009,0.112
294,Vanderbilt,Luke,Kornet,35,35,31.5,22.5,111.6,98.9,0.553,0.48,39.2,45.4,5.9,16.6,10.6,0.085,0.01,0.067,0.097
295,Vanderbilt,Jeff,Roberson,35,35,31.7,19.8,107.5,100.5,0.547,0.483,41.3,39.2,7.7,17.7,12,0.117,0.016,0.013,0.156
296,Vanderbilt,Payton,Willis,35,12,17.5,19.2,95.6,104.1,0.55,0.525,35.9,56.3,2.4,9.2,5.5,0.221,0.016,0.01,0.254
297,Vanderbilt,Joe,Toye,35,13,21.1,18.3,99.1,104.5,0.535,0.489,44.6,44.6,3.5,10.7,6.7,0.106,0.011,0.007,0.174
298,Vanderbilt,Nolan,Cressler,35,22,23.7,17.3,112.1,102.4,0.611,0.599,15.9,38.9,4.1,15.9,9.5,0.163,0.014,0.001,0.168
299,Vanderbilt,Riley,LaChance,35,35,31.1,17.1,119.6,104.8,0.654,0.607,31.6,58.3,0.8,11.1,5.7,0.265,0.012,0.001,0.192
300,Vanderbilt,Djery,Baptiste,35,1,7.9,15.7,89.8,99.5,0.555,0.521,41.7,0,11.1,16.2,12.7,0.007,0.009,0.053,0.297
301,Vanderbilt,Clevon,Brown,34,0,7.6,15,87.4,101.7,0.489,0.471,23.5,52.9,7.6,14.7,10.4,0.023,0.002,0.056,0.221
302,Vanderbilt,Phillip,McGloin,2,0,0,-,-,-,-,-,-,-,-,-,-,-,-,-,-
303,Georgia,Yante,Maten,29,28,29,30.6,113.2,98.8,0.605,0.549,60.3,12.5,10.2,15.7,12.1,0.128,0.015,0.054,0.142
304,Georgia,Tyree,Crump,29,1,7.1,28.6,95.4,106.6,0.491,0.447,18.9,61.1,1.7,8.2,4.7,0.139,0.008,0,0.12
305,Georgia,J.J.,Frazier,34,34,34.6,28.5,110.1,100.3,0.549,0.462,43.1,36.9,1.2,10.5,5.7,0.269,0.031,0.004,0.121
306,Georgia,Connor,O'Neill,5,0,1.2,25.4,-,87.4,0,0,0,0,0,53,25.8,0,0,0,0.667
307,Georgia,Brandon,Young,8,1,1.1,22.5,-,107.2,0,0,0,25,0,11.8,5.7,0,0,0,0
308,Georgia,Juwan,Parker,32,31,26.8,21.9,94.4,101.6,0.469,0.397,32.5,18.4,4.9,16.8,10.3,0.137,0.013,0.002,0.146
309,Georgia,Jordan,Harris,30,12,16.5,18.3,88,103.7,0.577,0.538,34.9,46.2,1.7,7.5,4.4,0.176,0.019,0.013,0.314
310,Georgia,Derek,Ogbeide,34,33,23.2,16.1,109.1,96.3,0.58,0.567,37.1,0,11.8,24.3,17,0.055,0.009,0.053,0.172
311,Georgia,Pape,Diatta,33,1,10.8,15.3,91.6,102.4,0.526,0.464,44.9,39.1,3,15.7,9,0.095,0.008,0.012,0.232
312,Georgia,William,Jackson II,34,16,17.5,14.6,93.4,105.7,0.477,0.452,17.8,56.3,1.4,5.9,3.5,0.118,0.014,0.013,0.152
313,Georgia,Mike,Edwards,34,2,18.1,13.8,98.2,102.5,0.561,0.524,58.1,1,7.4,14.8,10.4,0.022,0.009,0.012,0.214
314,Georgia,E'Torrion,Wilridge,29,8,16.2,7.9,98.2,103.4,0.541,0.552,35.4,56.3,1.3,9.5,5.2,0.128,0.014,0.027,0.245
315,Georgia,Kenny,Geno,28,2,9,7.6,128.8,103.4,0.57,0.547,28.1,59.4,2.8,12.6,7.4,0.107,0.009,0.013,0.053
316,Georgia,Houston,Kessler,29,1,6.3,6.4,77.8,102.7,0.322,0.278,27.8,27.8,5.2,13.3,8.8,0,0.013,0,0.129
317,Texas A&M,Mark,French,2,0,1.5,49.9,-,113.6,0,0,0,50,0,0,0,0,0,0,0.333
318,Texas A&M,Tyler,Davis,21,21,25,27.1,114.2,101,0.649,0.626,59.3,0.5,15.4,17.3,14.9,0.129,0.011,0.046,0.193
319,Texas A&M,DJ,Hogg,19,18,29.9,25.3,97.1,102.2,0.506,0.5,17.9,48.2,5.5,13.5,8.7,0.209,0.018,0.034,0.184
320,Texas A&M,Robert,Williams,21,8,22.8,23.6,111.2,95.7,0.588,0.573,36.6,4.9,13,20.3,15.3,0.121,0.014,0.113,0.159
321,Texas A&M,Admon,Gilder,21,20,32.8,21.2,110.1,101.4,0.571,0.531,32.5,43.5,3.5,9.4,6,0.235,0.036,0.011,0.182
322,Texas A&M,Tonny,Trocha-Morelos,21,17,25.1,18.2,105.9,102.2,0.485,0.45,27.2,39.1,8.1,14.1,10.2,0.131,0.017,0.031,0.124
323,Texas A&M,Tavario,Miller,21,1,11.9,17.3,101.3,104.1,0.503,0.492,55.9,0,12,16,12.8,0.044,0.007,0.013,0.15
324,Texas A&M,Kobie,Eubanks,11,0,5.7,16.9,45.1,112.2,0.173,0.188,18.8,81.3,5.5,3.4,4,0.052,0,0.017,0.188
325,Texas A&M,Eric,Vila,16,0,11.6,16.1,79.8,100.2,0.36,0.31,35.7,45.2,1.9,15.7,8.2,0.144,0.029,0,0.185
326,Texas A&M,JC,Hampton,21,12,22.3,13.7,117.9,108,0.626,0.575,34.4,67.7,0.7,7.6,3.9,0.144,0.013,0,0.17
327,Texas A&M,Caleb,Smith,12,0,8.2,13.3,105.3,104.5,0.496,0.476,23.8,33.3,1.2,12.1,6.2,0.125,0.018,0,0.115
328,Texas A&M,Chris,Collins,18,8,16,10.3,85.2,108.3,0.472,0.459,13.5,75.7,0.8,7.5,3.9,0.175,0.01,0.004,0.338
329,Texas A&M,Chase,Carlton,7,0,7.6,6.1,69.8,107.5,0.291,0.333,33.3,33.3,0,8.1,3.8,0.176,0.011,0,0.466
330,Texas A&M,Frank,Byers,2,0,1,0,-,87.7,-,-,-,-,0,53.9,25.4,0,0,0,-
331,Texas A&M,Kyle,Nugent,2,0,1,0,-,115.1,-,-,-,-,0,0,0,0,0,0,-
332,Tennessee,Brad,Woodson,4,0,2.8,34.5,105.9,96.9,0.444,0.357,28.6,57.1,0,0,0,0.205,0.052,0.096,0
333,Tennessee,Lucas,Campbell,3,0,1.7,25.4,-,113.5,0.758,-,-,-,0,0,0,0,0,0,0
334,Tennessee,Detrick,Mostella,15,1,21.5,25.2,101.5,102.5,0.536,0.504,28.2,53.4,2.6,17.3,9,0.121,0.011,0.02,0.13
335,Tennessee,Grant,Williams,32,29,25.4,24.1,111.9,99.5,0.582,0.527,72.1,12.2,12.2,12.8,11.5,0.096,0.018,0.079,0.152
336,Tennessee,Jordan,Bone,23,17,19.6,22.8,95.3,106.5,0.458,0.415,23.8,28,1.4,8,4.3,0.3,0.015,0,0.15
337,Tennessee,Lamonte,Turner,32,6,20.7,22.4,100.3,104,0.518,0.451,42.5,58.4,1.6,11.7,6,0.254,0.016,0.01,0.178
338,Tennessee,Robert,Hubbs III,32,32,31.6,21.9,107.2,105.2,0.529,0.473,30.5,7.1,4.2,11.6,7.2,0.115,0.013,0.007,0.102
339,Tennessee,Admiral,Schofield,28,1,19,21.1,108.1,101.9,0.57,0.515,39.5,31.4,5.2,20.1,11.5,0.082,0.01,0.01,0.137
340,Tennessee,Jordan,Bowden,30,28,22.8,17.8,109.9,103.5,0.518,0.458,31.2,55,3.7,10.1,6.3,0.114,0.022,0.008,0.087
341,Tennessee,Shembari,Phillips,31,13,20.9,16.9,99.2,103.7,0.522,0.444,49.7,31.8,3.4,12.5,7.2,0.15,0.017,0.007,0.193
342,Tennessee,John,Fulkerson,10,6,16,14.1,117.3,92.1,0.606,0.567,66.7,0,9.2,21.9,14.2,0.121,0.039,0.059,0.171
343,Tennessee,Lew,Evans,32,3,14.8,13.9,101.5,103.9,0.497,0.42,62.1,50.6,7.8,12.9,9.5,0.112,0.012,0.016,0.19
344,Tennessee,Kwe,Parker,25,1,8.1,13.7,60.2,104.4,0.348,0.371,25.8,41.9,2.1,9.2,5.1,0.189,0.017,0.016,0.4
345,Tennessee,Kyle,Alexander,32,23,14,13.2,107.1,99.9,0.489,0.472,50,6.8,13.5,17.6,14.3,0.025,0.008,0.078,0.123
346,Auburn,Will,Macoy,4,0,1.8,39.8,-,94.7,0.667,0.667,0,83.3,0,15.3,6.9,0,0.078,0,0
347,Auburn,Patrick,Keim,5,0,1.6,28.3,103.1,101,0.515,0.5,66.7,66.7,0,40.2,18.2,0.461,0,0,0.205
348,Auburn,Mustapha,Heron,32,32,28.2,25.8,108.1,106.8,0.574,0.506,51.7,30.2,6.1,17,10.5,0.096,0.016,0.007,0.154
349,Auburn,Ronnie,Johnson,32,2,16.4,24.2,108.6,109.7,0.529,0.493,28.6,31.4,3.2,8.4,5.3,0.289,0.023,0,0.135
350,Auburn,Austin,Wiley,23,22,18,24.2,102.5,106.7,0.577,0.584,91.2,0,13.3,14.5,12.7,0.025,0.007,0.08,0.19
351,Auburn,Jared,Harper,32,30,24.2,23,111.2,109.3,0.546,0.485,54.1,58.1,1.4,7.2,3.9,0.23,0.026,0.003,0.128
352,Auburn,T.J.,Dunans,31,11,24.3,22.6,83.4,106.1,0.432,0.415,19.6,26.6,2.1,13.2,7,0.191,0.022,0.031,0.197
353,Auburn,Danjel,Purifoy,29,25,28.7,18.4,114.6,106,0.586,0.518,37.3,65.6,3.6,13.9,8,0.111,0.027,0.006,0.137
354,Auburn,Bryce,Brown,28,13,21.1,17.8,104.7,108.7,0.523,0.508,14.3,74.1,2.1,7.8,4.5,0.107,0.026,0.011,0.115
355,Auburn,Horace,Spencer,19,12,16.3,15,104.6,101.7,0.562,0.561,54.5,1.5,7.9,14.5,10.2,0.059,0.025,0.097,0.18
356,Auburn,Anfernee,McLemore,32,1,15.1,14.9,122.2,102.4,0.688,0.688,57.4,1,11.9,19.8,14.4,0.02,0.015,0.082,0.181
357,Auburn,LaRon,Smith,24,3,12,11.9,103.7,106.5,0.545,0.533,64.4,0,10.7,10.5,9.7,0.036,0.013,0.086,0.217
358,Auburn,TJ,Lang,29,9,16.4,11.8,115.9,112,0.599,0.568,44.3,86.4,3.6,7.9,5.2,0.05,0.011,0.004,0.132
359,Auburn,Trey,Tate,2,0,2,11.6,-,117.6,0,0,0,100,0,0,0,0,0,0,0
360,Auburn,Devin,Waddell,11,0,6.8,6.4,83.9,115.2,0.478,0.5,50,66.7,1.4,7.2,3.9,0.062,0,0,0.291
361,Auburn,Cole,Blackstock,3,0,1.3,0,-,92.9,-,-,-,-,0,53.7,24.3,0,0,0,-
362,Auburn,Mike,Cohen,2,0,2,0,-,118.7,-,-,-,-,0,0,0,0.375,0,0,-
363,Mississippi State,Drew,Davis,6,0,2,41.6,-,102.3,0.688,0.688,0,50,9.4,0,4.3,0.546,0.048,0,0.2
364,Mississippi State,Joe,Strugg,6,0,2.5,26.6,-,103,0.375,0.375,0,75,0,21.9,10.3,0,0,0,0.5
365,Mississippi State,Quinndary,Weatherspoon,29,29,31.9,26,108.6,99.9,0.572,0.533,30.1,34.1,4.9,12.7,8.2,0.127,0.031,0.009,0.133
366,Mississippi State,Lamar,Peters,30,17,24.6,24.8,101.8,102.7,0.537,0.498,28.2,60.5,1.8,8.3,4.7,0.274,0.026,0.007,0.185
367,Mississippi State,Xavian,Stapleton,23,5,16.7,21.9,105.3,98.5,0.553,0.527,34.1,41.9,7,11.9,8.8,0.037,0.033,0.027,0.124
368,Mississippi State,Aric,Holman,32,26,23.3,19.8,101.1,95.9,0.553,0.524,35.7,23.3,8.6,19.9,13.3,0.054,0.016,0.09,0.182
369,Mississippi State,Mario,Kegler,32,31,28.2,19.4,98.4,101.8,0.533,0.5,34.9,46,4.6,16.7,10,0.079,0.014,0.009,0.171
370,Mississippi State,Tyson,Carter,32,12,20.2,18.5,108.5,104.1,0.53,0.502,15.6,57.8,0.9,8.5,4.4,0.067,0.02,0.007,0.058
371,Mississippi State,I.J.,Ready,28,20,28.6,16.7,103.9,101.6,0.513,0.449,30.9,23.4,1.1,9.3,4.9,0.294,0.032,0.001,0.202
372,Mississippi State,Schnider,Herard,32,19,18.6,16.4,95.7,103.1,0.553,0.549,101,0,11,18.6,13.7,0.022,0.003,0.014,0.246
373,Mississippi State,Nick,Singleton,7,0,3.9,14.8,-,100.6,0.357,0.357,0,57.1,4.2,12.1,7.6,0.131,0.021,0.039,0.125
374,Mississippi State,Eli,Wright,30,1,13.1,12.4,114.8,104.4,0.643,0.61,45.6,39.7,4,9.2,6.2,0.033,0.016,0.008,0.164
375,Mississippi State,Miles,Washington,6,0,2.2,11.5,-,107.5,0.333,0.333,0,33.3,0,0,0,0,0,0.081,0
376,Mississippi State,E.J.,Datcher,31,0,7.4,9.8,84.6,97.2,0.431,0.406,28.1,0,6.4,16.3,10.6,0.008,0.015,0.083,0.2
377,LSU,Antonio,Blakeney,31,30,32.9,25.3,108,116.9,0.555,0.52,30,34.9,3.4,12.8,7.4,0.107,0.011,0.003,0.118
378,LSU,Craig,Victor II,8,5,25.3,24.5,97.7,108.8,0.456,0.405,38,2.5,12.3,21,15.3,0.075,0.027,0.026,0.115
379,LSU,Duop,Reath,31,30,27.7,22.5,101,112.6,0.543,0.528,25.3,11.4,8.2,16.6,11.4,0.058,0.01,0.057,0.16
380,LSU,Skylar,Mays,31,25,22.9,20.6,101.6,114,0.535,0.463,42.1,31.7,2.4,8.3,4.9,0.278,0.031,0.003,0.224
381,LSU,Elbert,Robinson III,22,1,6.4,20.6,84.5,113,0.564,0.607,103.6,0,10,14.3,11.2,0.076,0.012,0.045,0.329
382,LSU,Brandon,Sampson,31,26,27.5,20.1,107.3,116.8,0.6,0.551,39.2,45.1,2.3,10.2,5.7,0.09,0.012,0.017,0.174
383,LSU,Aaron,Epps,30,19,17.2,18.8,103.3,115.2,0.568,0.542,29.9,22.2,11.6,16.9,13.1,0.046,0.005,0.023,0.201
384,LSU,Jalyn,Patterson,31,10,22.3,16.4,94.3,112.4,0.484,0.465,18.7,58.5,2.2,12.9,6.9,0.227,0.031,0.005,0.226
385,LSU,Wayde,Sims,31,5,19,16.4,109.5,112.7,0.582,0.549,28.1,22.2,7.2,14.8,10.1,0.052,0.021,0.025,0.157
386,LSU,Branden,Jenkins,18,2,8.4,16.2,64,117.4,0.268,0.25,27.5,32.5,1.4,5.9,3.3,0.114,0.018,0.007,0.135
387,LSU,Brian,Bridgewater,23,1,4.5,13.9,101.2,116.3,0.54,0.476,33.3,0,7.4,11.9,8.9,0.049,0.011,0.01,0.199
388,LSU,Marshall,Graves,15,0,3.2,13.2,49.7,117.9,0.194,0.111,33.3,66.7,2.3,9.3,5.3,0.094,0.012,0,0.225
389,LSU,Reed,Vial,7,0,1,12.7,-,118.6,0.568,-,-,-,0,15.9,7.2,0,0,0,0.532
390,LSU,Kieran,Hayward,26,0,8.2,11.3,85.2,117,0.339,0.322,11.1,68.9,4.6,10.4,6.9,0.058,0.01,0.015,0.078
391,LSU,Brandon,Eddlestone,12,1,8.3,9,123.1,118.8,0.571,0.571,28.6,28.6,16.4,12.4,13.3,0.016,0,0.011,0.16
392,Missouri,Trevor,Glassman,6,1,2.2,30.4,-,83.7,0,0,0,83.3,7.8,25.6,14.8,0.133,0.089,0,0.25
393,Missouri,Frankie,Hughes,30,11,19.3,27.6,80.7,104.5,0.404,0.383,20.4,64.6,2.5,12.3,6.5,0.137,0.019,0.004,0.121
394,Missouri,Kevin,Puryear,32,32,29.6,22.7,97.3,105.2,0.497,0.44,38.7,19.2,6.2,15.6,9.7,0.073,0.007,0.012,0.129
395,Missouri,Jordan,Barnett,23,13,27.4,22.4,106.6,103.7,0.551,0.515,23.8,51.9,6.8,15.9,10.1,0.053,0.013,0.019,0.105
396,Missouri,Terrence,Phillips,32,23,28.3,21.7,99.3,101.6,0.524,0.462,37.2,54.4,0.8,13.5,6.2,0.336,0.028,0.005,0.199
397,Missouri,K.J.,Walton,32,17,19,21.4,95,101.4,0.471,0.409,66.3,13.1,7.4,11.3,8.4,0.11,0.035,0,0.141
398,Missouri,Jordan,Geist,32,14,22.1,18.3,99.9,104.4,0.504,0.423,51.6,42.3,1.4,13.3,6.5,0.184,0.018,0,0.145
399,Missouri,Mitchell,Smith,11,0,7.5,18,88.6,97.1,0.561,0.588,82.4,0,3.7,21.4,11,0.053,0.021,0.056,0.232
400,Missouri,Russell,Woods,32,32,22.2,16.4,104.7,106.8,0.529,0.483,75.5,0,10.2,10.5,9.4,0.036,0.009,0.008,0.145
401,Missouri,Brett,Rau,5,0,1.4,14.1,-,96.3,0,0,0,0,29.1,0,13.8,0,0.082,0,0.5
402,Missouri,Reed,Nikko,28,0,10.5,13.1,103.9,100.3,0.523,0.509,45.5,0,8.3,14.7,10.3,0.071,0.016,0.076,0.154
403,Missouri,Cullen,VanLeer,32,17,23.7,12.8,101.7,106.4,0.528,0.5,15,82.5,0.8,7.5,3.6,0.111,0.017,0.012,0.132
404,Missouri,Adam,Wolf,10,0,2.2,11.2,-,107.9,0.2,0.2,0,40,13.9,0,6.6,0,0.026,0,0
405,Missouri,Jakoby,Kemp,1,0,0,-,-,-,-,-,-,-,-,-,-,-,-,-,-
406,Arizona,Allonzo,Trier,18,13,31.9,25.4,123.8,100.8,0.622,0.545,58.6,43.9,1.1,17.7,9.3,0.166,0.007,0.004,0.111
407,Arizona,Dusan,Ristic,36,34,22.8,23.5,117.2,99.2,0.591,0.558,27.5,0.7,9.9,18.3,13.3,0.042,0.008,0.021,0.106
408,Arizona,Lauri,Markkanen,37,37,30.8,22.3,132.6,99.8,0.643,0.584,43.6,43.4,10,17.5,13,0.056,0.008,0.018,0.082
409,Arizona,Kobi,Simmons,37,19,23.5,21.9,104.5,103.1,0.504,0.452,31.7,34.9,1.9,6,3.8,0.157,0.017,0.004,0.126
410,Arizona,Rawle,Alkins,37,36,28,21.2,111.9,98.8,0.572,0.534,32.7,38.5,7.1,13.6,9.8,0.14,0.019,0.018,0.159
411,Arizona,Jake,DesJardins,7,0,1.7,21.2,44.8,104.9,0.347,0,100,0,0,9.3,4.6,0,0,0,0.41
412,Arizona,Paulo,Cruz,8,0,2.6,19.9,-,103.1,0,0,0,50,0,16,8,0,0,0,0.5
413,Arizona,Kadeem,Allen,34,33,30,18,110.1,95.8,0.578,0.521,49.2,31.8,1.5,13.7,7.5,0.179,0.032,0.023,0.185
414,Arizona,Chance,Comanche,37,2,18.1,17.6,113,100.8,0.615,0.571,47.4,0,7.7,15.5,11,0.037,0.005,0.023,0.168
415,Arizona,Parker,Jackson-Cartwright,31,10,24.9,13.4,118.7,99,0.581,0.541,40.6,53.4,1.7,9.6,5.5,0.28,0.029,0.006,0.207
416,Arizona,Keanu,Pinder,35,1,12,12.1,97.4,93.5,0.569,0.546,61.1,7.4,9.9,18.1,13.2,0.044,0.023,0.057,0.297
417,Arizona,Kory,Jones,4,0,1.8,7.5,-,100.5,1.5,1.5,0,100,0,0,0,0,0,0.157,0
418,Arizona,Tyler,Trillo,8,0,3.9,6.7,-,109.6,0,0,0,100,0,0,0,0.195,0,0,0.25
419,Oregon,Dillon,Brooks,35,27,25.3,31.5,114.6,98,0.591,0.556,29.9,33.6,4.9,9.6,6.8,0.231,0.025,0.02,0.131
420,Oregon,Evan,Gross,2,0,2,25.4,-,97,1.5,1.5,0,100,0,27.3,13.4,0,0,0,0.5
421,Oregon,Chris,Boucher,31,12,23.5,23.5,116.7,91.6,0.597,0.591,31.6,38.3,9.2,20.1,13.8,0.035,0.01,0.118,0.095
422,Oregon,Tyler,Dorsey,39,39,30,22.8,119.1,101.4,0.612,0.575,34.3,51.4,3.5,9.5,6.2,0.107,0.015,0.004,0.112
423,Oregon,Keith,Smith,27,0,6.4,18.9,101.7,97.6,0.484,0.469,27.1,35.4,7.8,9.4,8,0.169,0.024,0.031,0.17
424,Oregon,Dylan,Ennis,39,39,31.7,18.8,109.7,98.1,0.55,0.507,33.9,44,2.8,12.7,7.4,0.166,0.021,0.015,0.155
425,Oregon,Roman,Sorkin,23,0,8,18.8,127.6,99.8,0.608,0.547,30.2,39.6,12.1,14.8,12.5,0.115,0,0.047,0.118
426,Oregon,Kavell,Bigby-Williams,37,1,9.8,17.9,103.6,93.8,0.523,0.455,85.7,0,11.3,21.1,15.2,0.032,0.005,0.084,0.172
427,Oregon,Jordan,Bell,39,38,28.9,17.8,123.1,88.9,0.666,0.641,43.5,5.2,12.3,22.3,16.3,0.114,0.026,0.085,0.19
428,Oregon,Payton,Pritchard,39,35,28.3,15.1,111.3,98.8,0.53,0.496,25.8,58.6,2.6,10.7,6.3,0.209,0.024,0.003,0.171
429,Oregon,Casey,Benson,39,4,20.9,12.2,117,102,0.595,0.553,34,56,2,7,4.3,0.144,0.018,0,0.173
430,Oregon,Charlie,Noebel,14,0,2.2,11.5,-,98.4,0.3,0.3,0,80,0,14.1,6.9,0,0.019,0,0.286
431,UCLA,Jerrold,Smith,13,0,1.9,26.6,58.2,103.8,0.295,0.273,18.2,18.2,0,0,0,0.056,0.044,0,0.144
432,UCLA,Armani,Dodson,1,0,2,24,-,114.6,1,1,0,0,61.1,0,25.6,0,0,0,0
433,UCLA,Isaac,Hamilton,36,36,30,23.2,108.1,107.3,0.562,0.54,13.4,47.4,3.4,9,6.1,0.139,0.013,0.005,0.136
434,UCLA,Aaron,Holiday,36,0,26.4,22.5,114.1,104.6,0.616,0.571,35.9,41.7,1.5,9.5,5.6,0.244,0.023,0.006,0.196
435,UCLA,TJ,Leaf,35,35,29.9,22,129.7,100.9,0.665,0.652,27.8,15.2,9.1,19.7,14,0.132,0.011,0.035,0.108
436,UCLA,Bryce,Alford,36,36,33,19.1,127.7,109.4,0.636,0.597,30.2,69.8,1.1,6.5,3.8,0.111,0.009,0.004,0.074
437,UCLA,Ike,Anigbogu,29,0,13,18.3,108.4,98.2,0.571,0.564,42.6,0,13.3,19.9,15.9,0.023,0.007,0.088,0.167
438,UCLA,Lonzo,Ball,36,36,35.1,18.1,130.3,100.5,0.679,0.668,28.6,56.6,3.2,14.3,8.8,0.314,0.029,0.021,0.187
439,UCLA,Thomas,Welsh,32,32,25.1,17.5,133.1,98.3,0.619,0.587,18.2,0.4,10.7,25.5,17.7,0.061,0.008,0.051,0.048
440,UCLA,Gyorgy,Goloman,35,5,11.5,15.6,113.6,97,0.605,0.586,35.5,10.8,7.9,14.5,10.9,0.081,0.029,0.068,0.176
441,UCLA,Isaac,Wulff,5,0,2,13.8,177,109.8,0.868,1,100,0,12.2,9.9,10.3,0,0,0,0
442,UCLA,Alec,Wulff,13,0,1.8,12,-,107.3,0.5,0.5,0,100,0,4.1,2.1,0.055,0.023,0,0
443,UCLA,Ikenna,Okwarabizie,12,0,2.6,11.8,37,101.6,0.216,0,300,0,3.9,19.1,11.6,0,0.018,0,0.393
444,Utah,Lorenzo,Bonam,32,29,29.8,19.3,120.1,97.5,0.675,0.633,41.8,34.7,2.2,9.3,5.5,0.179,0.027,0.012,0.191
445,Utah,Jayce,Johnson,32,6,12.3,18.3,101.2,92.9,0.551,0.565,57.6,0,13.6,26.5,18.7,0.017,0.006,0.052,0.195
446,Utah,Tyler,Rawson,32,8,19.5,17.3,108.3,96.3,0.553,0.51,43.2,43.8,6.8,14.6,10,0.154,0.018,0.028,0.195
447,Utah,JoJo,Zamora,32,20,20,18,105.7,100.8,0.577,0.545,21,50.6,1.7,6.3,3.8,0.091,0.016,0.013,0.165
448,Utah,Parker,Van Dyke,31,11,16.5,15,109.4,99,0.508,0.507,9.6,63.2,0.7,11.8,6,0.123,0.018,0.006,0.078
449,Utah,Devon,Daniels,29,26,26.9,18.2,113.9,96.9,0.632,0.606,32.3,17.7,4,15.2,9.1,0.172,0.018,0.017,0.201
450,Utah,Kyle,Kuzma,29,29,30.8,26.8,114.5,95.8,0.571,0.542,35.2,23.3,11.3,23.3,16.1,0.152,0.012,0.016,0.129
451,Utah,Gabe,Bealer,28,6,12.1,15.6,106.1,98.7,0.571,0.554,14.3,66.7,2.6,14.3,8,0.062,0.015,0.006,0.152
452,Utah,Sedrick,Barefield,24,3,23.7,20.9,102.5,100.7,0.557,0.515,33.9,50,1.8,6.9,4.1,0.137,0.019,0,0.186
453,Utah,David,Collette,22,22,25.4,24.9,116.9,95.8,0.617,0.601,38.5,1.4,8.7,14.5,10.8,0.082,0.018,0.037,0.123
454,Utah,Jake,Connor,14,0,5.4,14.8,120.4,100.2,0.643,0.658,5.3,89.5,0,5.8,2.8,0.13,0.023,0,0.134
455,Utah,Jakub,Jokl,12,0,3.8,14.7,102.4,88.7,0.618,0.571,114.3,0,2.7,33.4,17.4,0.034,0,0.089,0.222
456,Utah,Marc,Reininger,11,0,2.9,12.5,-,104,0.5,0.5,0,0,11.7,3.4,6.7,0,0,0.032,0.5
457,Utah,Beau,Rydalch,10,0,3.4,16,66.5,99.2,0.254,0.143,28.6,57.1,14.6,12.9,12.5,0.042,0.017,0,0.276
458,USC,Bennie,Boatwright,19,18,27.6,25.2,120.8,109.2,0.613,0.545,37.3,64.2,6.4,12,8.6,0.12,0.009,0.014,0.114
459,USC,Chimezie,Metu,36,36,31.3,23,113.6,102.4,0.603,0.553,47.5,0.5,7.5,20.3,13,0.089,0.014,0.049,0.147
460,USC,Harrison,Henderson,13,0,3.8,21.3,90.4,96.8,0.441,0.429,85.7,35.7,2.3,24.3,12.5,0.07,0.023,0.081,0.094
461,USC,Shaqquan,Aaron,36,20,20.8,20.2,104.2,109.1,0.515,0.472,32.3,47.4,4.8,12,7.8,0.099,0.011,0.008,0.123
462,USC,Elijah,Stewart,36,32,29.8,20,114.3,107.2,0.564,0.541,22.7,56.6,4.9,9.9,6.9,0.075,0.016,0.04,0.086
463,USC,Jordan,McLaughlin,36,36,34.1,19.8,116,107.7,0.575,0.525,33.7,33.1,2.7,8.9,5.4,0.296,0.025,0.003,0.165
464,USC,Jonah,Mathews,35,3,20.4,18.7,104.6,108.1,0.496,0.466,23.3,57,2.3,7.7,4.7,0.1,0.025,0.003,0.082
465,USC,De'Anthony,Melton,36,25,27,17.6,109.7,99.8,0.538,0.483,47.2,32,6,13.7,9.1,0.225,0.041,0.039,0.187
466,USC,Nick,Rakocevic,36,8,14.9,17.2,117.1,105.7,0.608,0.563,66.4,0,12.9,15.2,13,0.054,0.01,0.043,0.168
467,USC,Samer,Dhillon,7,0,1.3,16.7,-,106.7,0.5,0.5,0,66.7,0,24.6,11.6,0,0,0,0
468,USC,Kurt,Karis,13,0,1.8,15,86.7,116.7,0.773,0.667,66.7,0,5,0,2.3,0,0,0,0.436
469,USC,Charles,Buggs,24,2,8.8,11.5,119.7,101.8,0.701,0.681,25,38.9,4.9,17.2,10.3,0.033,0.022,0.048,0.184
470,USC,Devin,Fleming,4,0,1.5,8.3,-,79.5,0,0,0,0,0,36.9,17.4,0,0.097,0,0
471,California,Brandon,Chauca,1,0,1,51.6,-,104.6,0,0,0,100,0,0,0,0,0,0,0
472,California,Derek,King,1,0,1,51.6,-,105.9,0,0,0,100,0,0,0,0,0,0,0
473,California,Don,Coleman,27,1,11.4,27.6,86.1,99.4,0.449,0.393,50.9,17.9,5.2,9.9,6.9,0.108,0.008,0.003,0.17
474,California,Charlie,Moore,34,34,28.8,26.6,96.4,97.9,0.51,0.453,37.6,36.8,1.4,6.3,3.6,0.274,0.023,0,0.196
475,California,Jabari,Bird,27,25,32,23.5,106.3,97.3,0.565,0.542,17.3,56,3.5,13.2,7.7,0.077,0.013,0.008,0.127
476,California,Ivan,Rabb,31,30,32.6,23.5,108.6,90.8,0.55,0.497,59.9,6.4,10.7,25.6,16.7,0.109,0.013,0.033,0.145
477,California,Roman,Davis,15,0,3.3,22.3,79.6,98,0.391,0.412,29.4,5.9,7.1,18.4,11.7,0,0,0,0.094
478,California,Cole,Welle,12,0,4.2,22,117.8,92.3,0.516,0.55,15,10,20.8,22.5,19.8,0,0.012,0.022,0
479,California,Grant,Mullins,32,25,31.2,16.3,116.2,97.1,0.594,0.563,22.1,65.2,0.8,10.8,5.4,0.134,0.019,0.003,0.12
480,California,Stephen,Domingo,31,4,13.5,15.6,78.6,94.8,0.307,0.278,31.1,67,3.6,14.3,8.2,0.081,0.015,0.028,0.047
481,California,Kameron,Rooks,24,10,17.1,15.3,112.3,93.4,0.582,0.547,80,0,11.8,17.8,13.6,0.04,0.006,0.058,0.165
482,California,Sam,Singer,34,9,20.1,15.2,94,95.1,0.478,0.472,27.1,26.4,2,14.5,7.6,0.197,0.021,0.003,0.195
483,California,Roger,Moute a Bidias,30,8,11.9,15,95.3,98.4,0.477,0.373,47.9,49.3,5.8,11.3,7.9,0.048,0.009,0.012,0.173
484,California,Kingsley,Okoroh,34,24,21.2,13.8,101,89.2,0.521,0.504,44.1,0,11.5,18.1,13.6,0.087,0.01,0.111,0.217
485,California,Nick,Hamilton,12,0,3,12.7,74.5,104.1,0.291,0.25,33.3,83.3,9.6,3.1,5.8,0.1,0,0,0.225
486,California,Koko,Kurdoghlian,5,0,1.8,10.8,63.8,105.3,0.266,0,200,0,0,0,0,0,0,0,0
487,Colorado,Josh,Repine,7,0,1.3,27.7,-,115,0,0,0,25,0,0,0,0,0,0,0.2
488,Colorado,Derrick,White,34,33,32.8,25.2,123.2,103.4,0.635,0.578,45,35.6,3.5,10.5,6.4,0.286,0.022,0.049,0.143
489,Colorado,Xavier,Johnson,32,31,28,25.1,115.7,105.1,0.585,0.548,46.9,30.4,6.8,17.1,10.9,0.079,0.011,0.014,0.102
490,Colorado,George,King,34,32,27.7,20.8,106.7,104.8,0.561,0.538,26.2,41.4,7.9,19.5,12.6,0.053,0.01,0.008,0.145
491,Colorado,Dominique,Collier,25,15,18.5,19.4,99.3,105.7,0.497,0.438,38.5,60,1.4,5.4,3.1,0.156,0.03,0.007,0.156
492,Colorado,Tory,Miller,32,3,15.8,18.7,106.4,103.7,0.551,0.54,45.6,2.2,8.3,19.9,12.9,0.063,0.01,0.015,0.142
493,Colorado,Josh,Fortune,34,17,20.3,17.7,100,106.6,0.506,0.441,31.5,57.3,3.7,13.1,7.7,0.133,0.011,0.016,0.175
494,Colorado,Bryce,Peters,24,1,15.8,17.7,97.5,108.4,0.479,0.456,35.3,38.2,2,7.8,4.5,0.117,0.016,0.003,0.126
495,Colorado,Thomas,Akyazili,30,1,10.4,16.1,75.7,107,0.346,0.3,35.4,32.3,2.8,7.9,4.9,0.212,0.019,0.011,0.257
496,Colorado,Lucas,Siewert,32,3,11.5,16,92.3,107.7,0.425,0.405,14.7,48.4,7.5,12.9,9.4,0.072,0.008,0.012,0.144
497,Colorado,Deleon,Brown,31,3,12,15.6,98.9,109.1,0.501,0.46,31,58.6,2.4,4.3,3.1,0.086,0.017,0.009,0.147
498,Colorado,Wesley,Gordon,32,31,24.6,14.8,115.1,101.4,0.566,0.519,54.5,3.9,10.3,18.7,13.3,0.144,0.011,0.068,0.18
499,Colorado,Mitch,Lombard,7,0,1.3,11.1,-,110.1,0,0,0,0,0,12.6,5.7,0.343,0,0,0.5
500,Arizona State,Torian,Graham,33,22,34.7,25,109.9,114.8,0.571,0.554,10.9,54.4,1.8,12.2,6.2,0.072,0.015,0.011,0.076
501,Arizona State,Tra,Holder,33,33,35.6,22.8,112.3,116.9,0.562,0.492,50.5,32.1,3.4,8.2,5.2,0.172,0.014,0.001,0.122
502,Arizona State,Shannon,Evans II,33,33,35.7,21.2,112.4,115,0.555,0.503,30.6,51.3,1.5,9.2,4.7,0.229,0.02,0.007,0.122
503,Arizona State,Obinna,Oleka,33,32,32.9,20.7,105.3,108.9,0.524,0.466,44.5,29,9.6,24.5,15.3,0.065,0.017,0.027,0.138
504,Arizona State,Romaine,Jackson,4,0,1.3,19.7,-,123.4,-,-,-,-,21.2,0,10.1,0,0,0,1
505,Arizona State,Kodi,Justice,33,26,31.1,15,107.6,113.1,0.583,0.555,23.4,64.3,1.3,9.2,4.7,0.136,0.024,0.02,0.17
506,Arizona State,Andre,Adams,14,0,5.7,10.9,123.4,112.6,0.649,0.75,50,0,11.9,13.1,11.4,0.045,0.007,0.069,0.17
507,Arizona State,Jethro,Tshisumpa,26,5,7.4,9.7,86.8,107.3,0.417,0.423,34.6,0,8.8,13.9,10.3,0,0.012,0.142,0.211
508,Arizona State,Ramon,Vila,33,4,12.3,9.3,130.9,116.8,0.664,0.647,64.7,5.9,9.9,8,8.2,0.008,0.007,0.022,0.144
509,Arizona State,Austin,Witherill,17,0,1.5,9.2,59.6,120.1,0.205,0,50,100,0,8.9,3.9,0.057,0,0,0
510,Arizona State,Maurice,O'Field,11,0,4.3,8.4,-,117.6,0.571,0.571,0,14.3,6.8,7.4,6.5,0.145,0.012,0,0.125
511,Arizona State,Grant,Fogerty,2,0,1,0,-,123.4,-,-,-,-,0,0,0,0,0,0,-
512,Arizona State,Chris,Odionu,2,0,1,0,-,121.1,-,-,-,-,0,0,0,0,0,0,-
513,Stanford,Rodney,Herenton,5,0,1,69.7,28.6,114,0.205,0.25,50,25,0,0,0,0,0,0,0.291
514,Stanford,Reid,Travis,27,27,30.1,27.4,115.2,103.4,0.613,0.579,59.5,0.3,13.4,21.7,16,0.043,0.01,0.008,0.127
515,Stanford,Michael,Humphrey,30,25,24,23,99.7,99.8,0.508,0.468,28.2,10.9,10.9,20.1,14.2,0.084,0.022,0.031,0.147
516,Stanford,Marcus,Sheffield,31,5,18.9,21.4,94.9,104.3,0.492,0.426,35.2,39,0.2,9.7,4.5,0.161,0.026,0.004,0.153
517,Stanford,Dorian,Pickens,31,31,29.9,20.6,111.9,105.1,0.587,0.545,37.3,58.9,2.9,11.2,6.4,0.084,0.02,0.004,0.114
518,Stanford,Blake,Pagon,5,0,2,19.6,70.5,96.7,0.347,0,100,50,11.7,12.1,10.9,0,0.059,0,0.258
519,Stanford,Marcus,Allen,31,28,26.9,18.8,93.3,104.2,0.488,0.451,34.7,24.4,1.8,8.5,4.7,0.145,0.028,0.003,0.162
520,Stanford,Robert,Cartwright,31,12,24.7,18.2,94.4,105.6,0.457,0.421,20.1,49.8,0.8,8.1,4,0.275,0.023,0.002,0.174
521,Stanford,Josh,Sharma,31,0,13.4,17,83,98.8,0.429,0.419,27.6,21,7,18.6,11.7,0.018,0.011,0.1,0.157
522,Stanford,Trevor,Stanback,16,0,5.7,15.7,61,105.3,0.216,0.176,82.4,0,9,5.3,6.6,0.112,0.019,0.04,0.178
523,Stanford,Grant,Verhoeven,30,10,12.6,14.5,117.2,103.7,0.591,0.549,40.7,16,10.2,12.7,10.5,0.026,0.017,0.023,0.12
524,Stanford,Christian,Sanders,31,17,17.2,13.6,90.3,105.2,0.536,0.486,53.5,32.4,0.7,12.9,6.2,0.342,0.015,0.007,0.385
525,Stanford,Cameron,Walker,14,0,7.1,13.2,89.8,101.2,0.527,0.364,145.5,9.1,8.2,21.7,13.6,0.052,0.018,0.012,0.307
526,Stanford,Josh,Hanson,4,0,1.3,10.1,-,114,0,0,0,100,0,0,0,0,0,0,0
527,Stanford,Malcolm,Allen,11,0,3.6,8.9,-,101.8,0.667,0.667,0,16.7,0,15.1,6.8,0.048,0.029,0,0.143
528,Washington State,Conor,Clifford,31,30,19.7,24.9,102.5,112.8,0.622,0.589,22,0.5,3.7,12.3,7.6,0.101,0.001,0.034,0.184
529,Washington State,Robert,Franks,31,0,16.4,23.4,94.1,110.5,0.53,0.497,24.7,36.7,6.9,16.1,10.9,0.095,0.005,0.036,0.182
530,Washington State,Derrien,King,9,5,24.6,22.8,68.8,111.1,0.413,0.325,43.3,41.7,2.8,17.2,9.6,0.056,0.008,0.009,0.251
531,Washington State,Josh,Hawkinson,31,31,35.4,20.9,120.2,106.4,0.628,0.574,38.7,21.2,6.4,26.4,15.7,0.148,0.01,0.023,0.122
532,Washington State,Ike,Iroegbu,31,31,34.3,20.9,105.1,113,0.55,0.507,44.1,29.6,3,10.8,6.6,0.204,0.012,0.004,0.155
533,Washington State,Charles,Callison,31,26,27.3,19.8,101.4,110.7,0.566,0.54,15.2,39.6,0.7,6.3,3.4,0.156,0.027,0.013,0.155
534,Washington State,KJ,Langston,21,0,7.5,18.2,66.4,113.5,0.337,0.34,2.1,55.3,1.6,6.4,3.8,0.068,0.018,0,0.129
535,Washington State,Steven,Shpreyregin,9,0,3.2,18.2,-,115.2,0.25,0.25,0,80,0,11.6,5.7,0.06,0,0,0
536,Washington State,Malachi,Flynn,31,31,33.1,18,95.2,113.9,0.531,0.506,18.6,57,1,9,4.8,0.163,0.012,0.001,0.186
537,Washington State,Jeff,Pollard,24,1,8.5,13.2,98.2,109,0.511,0.472,44.4,0,6.7,16.9,11.2,0.035,0.017,0.01,0.157
538,Washington State,Viont'e,Daniels,27,0,17.1,9.9,107.7,114.4,0.525,0.521,17.1,67.1,2.2,5.8,3.8,0.13,0.014,0.004,0.127
539,Washington,Greg,Bowman,11,0,1.6,33.1,112.5,102.1,0.515,0.556,66.7,0,30.1,37.7,30.9,0.131,0.031,0,0.079
540,Washington,Markelle,Fultz,25,25,35.7,31.3,114.2,110.5,0.564,0.535,38.3,28.7,4,14,8.1,0.355,0.025,0.031,0.135
541,Washington,David,Crisp,31,31,32.9,21.9,104.6,117.7,0.537,0.516,19.1,57.2,2.7,8.1,4.9,0.172,0.009,0.004,0.16
542,Washington,Noah,Dickerson,31,27,27.2,21,117.7,111.2,0.59,0.549,53.2,3.4,10.7,22.9,15.2,0.054,0.01,0.016,0.12
543,Washington,Quin,Barnard,10,0,1.4,20.2,-,123.3,0.6,0.6,0,100,7.7,0,3.6,0.256,0,0,0.167
544,Washington,Carlos,Johnson,31,4,17.9,20.1,93,116.5,0.458,0.426,30.9,18.3,8.8,9.6,8.4,0.066,0.009,0.012,0.161
545,Washington,Matisse,Thybulle,31,31,29.8,17.5,105.9,109.7,0.578,0.55,16.9,50.2,2.9,8.7,5.3,0.103,0.039,0.022,0.183
546,Washington,Dominic,Green,30,2,21.6,16.1,89.3,116.9,0.425,0.394,16.1,55.6,3.5,7.3,4.9,0.053,0.01,0.017,0.131
547,Washington,Matthew,Atewe,19,4,8.7,15.2,93.3,110,0.522,0.516,67.7,0,12.5,16.5,13.2,0.01,0.01,0.073,0.244
548,Washington,Sam,Timmins,31,18,14.6,14.2,86,110.1,0.495,0.5,17.4,7.6,9.6,19.7,13.3,0.033,0.014,0.041,0.272
549,Washington,Malik,Dime,20,13,21.5,13.6,108.6,107.6,0.54,0.506,51.8,0,11.1,17.2,12.9,0.062,0.012,0.107,0.178
550,Washington,Bitumba,Baruti,17,0,4.5,12.6,72.5,117.7,0.359,0.286,21.4,42.9,5.7,4.5,4.7,0.041,0.015,0,0.246
551,Washington,Dan,Kingma,19,0,6.2,11,75.7,116.4,0.407,0.412,35.3,76.5,0.9,8.6,4.3,0.116,0.014,0,0.289
552,Washington,Devenir,Duruisseau,19,0,3.7,10,-,111.6,0.4,0.4,0,0,4.6,22.3,12.1,0.044,0.008,0.013,0.333
553,Oregon State,Tres,Tinkle,6,6,34.8,31.6,104.8,98.9,0.568,0.469,71.6,30.9,2.3,25.7,13.1,0.172,0.038,0.027,0.151
554,Oregon State,Stephen,"Thompson, Jr.",26,26,36.2,27.7,96.3,109.6,0.502,0.473,30,44.8,3.8,10,6.4,0.208,0.024,0.005,0.147
555,Oregon State,Keondre,Dew,6,0,11.7,25.3,50.5,103.1,0.277,0.263,31.6,0,10.3,21.7,14.8,0.117,0.026,0.016,0.357
556,Oregon State,Drew,Eubanks,32,32,32.1,24,106.2,103.9,0.624,0.587,44.8,0,9.5,21,14.1,0.099,0.012,0.076,0.205
557,Oregon State,Cheikh,N'diaye,9,8,10.8,21,89.2,108.8,0.557,0.522,56.5,0,9.9,14.4,11.3,0.024,0,0.082,0.258
558,Oregon State,Jaquori,McLaughlin,32,30,33.8,19.2,97.6,112.6,0.516,0.481,23.7,53.6,0.7,6.9,3.5,0.21,0.015,0.009,0.175
559,Oregon State,Ben,Kone,23,0,13.4,18.7,70.9,108.3,0.386,0.34,32,28,6.2,17.4,11,0.033,0.012,0.011,0.219
560,Oregon State,Kendal,Manuel,32,25,28.8,17.2,91.2,111.5,0.508,0.489,14.8,59,1.7,8.1,4.6,0.12,0.019,0.002,0.189
561,Oregon State,Gligorije,Rakocevic,32,14,18.7,16.1,90.2,110.6,0.507,0.487,47.9,16,9.4,14,10.9,0.021,0.007,0.017,0.213
562,Oregon State,Ronnie,Stacy,31,8,13,15.6,70.3,108.9,0.434,0.397,38.2,14.7,2.4,11.9,6.7,0.14,0.023,0.003,0.335
563,Oregon State,Matt,Dahlen,30,10,10.4,10.9,90.3,108.1,0.516,0.5,70.6,2.9,6.9,14.9,10.1,0.113,0.015,0.015,0.31
564,Oregon State,Daine,Muller,21,1,9.9,9.9,119.4,113.1,0.706,0.696,14.3,100,0.6,9.6,4.7,0.175,0.009,0,0.232
565,Oregon State,Tanner,Sanders,29,0,8.6,9.1,59.2,108,0.243,0.25,6.3,68.8,2.9,11.8,6.8,0.091,0.024,0.018,0.233
566,Villanova,Josh,Hart,36,35,33.2,27.6,123.3,94.1,0.626,0.59,36.7,39.5,5.9,17.5,11.1,0.188,0.029,0.01,0.117
567,Villanova,Kris,Jenkins,36,34,31.1,22.9,112,97,0.558,0.5,31.4,64.6,1.6,14.2,7.7,0.12,0.022,0.011,0.11
568,Villanova,Jalen,Brunson,36,36,31.1,22.8,126.8,101.2,0.663,0.604,40.5,32.8,2.1,7.9,4.8,0.261,0.018,0,0.157
569,Villanova,Phil,Booth,3,3,24,20.1,80.9,103.8,0.409,0.342,21.1,52.6,1.9,6.5,4,0.139,0.009,0,0.224
570,Villanova,Donte,DiVincenzo,36,1,25.5,19,112.7,97.4,0.588,0.556,35.5,49.1,5.5,12.7,8.6,0.12,0.022,0.013,0.161
571,Villanova,Eric,Paschall,36,8,21.7,18.3,110.5,98,0.588,0.562,30.3,34.9,8.6,12.8,10,0.052,0.015,0.027,0.163
572,Villanova,Mikal,Bridges,36,33,29.8,15.3,128.8,93.1,0.681,0.644,24,48.1,5.3,13.4,8.8,0.12,0.035,0.035,0.151
573,Villanova,Dylan,Painter,23,0,5.5,10.3,99.6,98,0.519,0.429,85.7,21.4,7.6,22.1,14.1,0,0.005,0,0.206
574,Villanova,Darryl,Reynolds,31,30,23.8,9.8,122.9,96,0.703,0.688,53.8,0,11.8,16.6,13.1,0.041,0.013,0.047,0.261
575,Villanova,Tim,Delaney,7,0,3.7,8.3,-,104.3,0.75,0.75,0,100,0,9,4.4,0,0,0,0.5
576,Villanova,Denny,Grace,7,0,1.3,6,-,97,-,-,-,-,0,25.9,12.8,0,0,0,1
577,Villanova,Tom,Leibig,7,0,1.6,2.2,-,82.9,0,-,-,-,0,31.8,15.7,0,0.056,0,0
578,Villanova,Matt,Kennedy,7,0,1.9,0,-,108.6,-,-,-,-,10.6,0,4.4,0,0,0,-
579,Butler,Kelan,Martin,34,21,28.7,30.3,106.8,101.7,0.557,0.504,36.3,43.7,4.5,20.7,11.8,0.086,0.014,0.017,0.119
580,Butler,Trey,Pettus,7,0,3.4,28.7,83.2,109,0.414,0.4,20,40,0,10.4,4.9,0.253,0,0,0.155
581,Butler,Joey,Brunk,7,0,7,23.2,107,102.3,0.602,0.538,92.3,15.4,0,17.8,8.4,0.039,0.012,0.024,0.141
582,Butler,Kethan,Savage,30,11,20.4,21.8,107.4,101,0.554,0.483,54.6,27.6,1.1,15.3,7.7,0.14,0.027,0.012,0.136
583,Butler,Steven,Bennett,7,0,4.1,21.1,60.6,108.3,0.265,0.278,11.1,66.7,0,12.9,6.1,0.175,0,0,0.175
584,Butler,Kamar,Baldwin,34,24,26.9,20.4,106.2,97.8,0.577,0.557,16.1,33.7,2.1,15.1,8.1,0.107,0.039,0.024,0.146
585,Butler,Andrew,Chrabascz,34,34,32.7,19.3,115.5,105.5,0.563,0.498,48.6,24.3,6.1,11.5,8.2,0.176,0.013,0.01,0.142
586,Butler,Nate,Fowler,34,1,11.9,18.5,136.8,106.2,0.748,0.717,47.5,21.2,12.2,9.8,10.2,0.069,0.01,0.012,0.149
587,Butler,Avery,Woodson,34,21,22.4,18.2,122.2,105.9,0.603,0.59,10.9,74.8,1.4,12.9,6.7,0.057,0.008,0.014,0.042
588,Butler,Henry,Baddley,24,0,4.9,16,89.3,98.3,0.449,0.44,36,32,5.5,14.9,9.5,0.075,0.036,0.02,0.172
589,Butler,Tyler,Wideman,34,33,23,15.7,120.2,101.5,0.639,0.615,51.9,1.3,11.6,16,12.8,0.036,0.016,0.04,0.165
590,Butler,Tyler,Lewis,34,24,21.9,14.7,132.7,106.5,0.648,0.599,58.4,40.9,1.6,6.7,3.9,0.326,0.018,0.002,0.161
591,Butler,Sean,McDermott,30,1,10.7,11.5,112.5,104.8,0.579,0.557,28.3,79.2,4.8,12,7.9,0.047,0.011,0.022,0.144
592,Creighton,Marcus,Foster,35,35,30.9,30,103.1,104.6,0.551,0.529,20.1,40.2,1,9.1,4.9,0.143,0.011,0.002,0.119
593,Creighton,Maurice,"Watson, Jr.",19,19,29.9,24.8,108.5,101.4,0.573,0.547,27.2,16.8,1.3,8.1,4.5,0.476,0.027,0,0.249
594,Creighton,Martin,Krampelj,29,0,5.9,23.9,113.4,97.4,0.557,0.542,49.2,13.6,19.6,22.4,19.6,0.06,0.003,0.061,0.133
595,Creighton,Zach,Hanson,20,1,10.2,23.7,114.2,100.5,0.622,0.64,36,0,9.4,15.2,11.5,0.046,0.016,0.005,0.112
596,Creighton,Justin,Patton,35,34,25.3,22,119.2,95.6,0.678,0.689,29.4,5.1,8,19.2,12.9,0.085,0.019,0.059,0.152
597,Creighton,Kobe,Paras,15,0,4.7,20.5,82.2,99.3,0.399,0.409,31.8,45.5,6.9,16.8,11.2,0.065,0.016,0.015,0.138
598,Creighton,Khyri,Thomas,35,35,31.2,19.3,115.5,98.4,0.604,0.576,23.8,36.2,5.8,14.5,9.7,0.172,0.026,0.014,0.164
599,Creighton,Jordan,Scurry,11,0,2.8,19.1,-,101.1,0.667,0.667,0,83.3,0,13.8,6.8,0.224,0.018,0,0
600,Creighton,Ronnie,Harrell,26,0,7.3,17.8,119.5,98.6,0.565,0.521,59.6,25.5,10.1,18.5,13.5,0.154,0.018,0.016,0.132
601,Creighton,Davion,Mintz,29,12,12.2,17.6,93.6,101,0.513,0.442,42.3,32.1,0.3,9.3,4.7,0.214,0.023,0.012,0.269
602,Creighton,Cole,Huff,35,35,23,17,120.7,102,0.626,0.591,24.3,58.3,2.8,15.6,8.9,0.043,0.01,0.005,0.08
603,Creighton,Toby,Hegner,35,0,16.7,13.2,121.7,100.2,0.614,0.597,33.9,58.1,5.3,16.8,10.6,0.041,0.012,0.016,0.089
604,Creighton,Tyler,Clement,30,0,8.8,11.8,92.6,102,0.591,0.586,20,54.3,0.5,10.9,5.6,0.204,0.017,0.004,0.396
605,Creighton,Isaiah,Zierden,35,4,20,10.7,120.4,103.9,0.664,0.603,35.7,88.4,0.7,9.9,5.2,0.059,0.012,0.003,0.145
606,Seton Hall,Khadeen,Carrington,33,32,33.3,26.4,109.4,104,0.542,0.494,37.4,37,1.9,8.6,4.8,0.183,0.02,0.01,0.126
607,Seton Hall,Desi,Rodriguez,33,33,31.9,26.1,105,103,0.524,0.497,30.4,32.3,4.4,13.9,8.4,0.117,0.015,0.014,0.122
608,Seton Hall,Angel,Delgado,33,33,33,24.5,109,99.2,0.56,0.543,54,0,16.6,27.7,20.4,0.142,0.011,0.011,0.181
609,Seton Hall,Myles,Powell,33,2,23.8,22.3,111.7,103.7,0.539,0.505,19.9,68.1,2.6,8,4.9,0.073,0.022,0.008,0.089
610,Seton Hall,Eron,Gordon,18,0,4.1,21.3,92.3,100.8,0.428,0.404,7.7,42.3,7.5,15.6,10.6,0.159,0.024,0,0.157
611,Seton Hall,Dalton,Soffer,11,0,2.7,21.1,-,105,0.25,0.25,0,100,0,7.6,3.4,0,0.02,0,0.077
612,Seton Hall,Myles,Carter,5,0,6.6,15.4,50.1,101.7,0.269,0.286,14.3,0,6.6,17.3,10.9,0,0.018,0,0.287
613,Seton Hall,Jevon,Thomas,10,0,9.3,14.7,41.1,92.4,0.234,0.227,81.8,27.3,1.2,11,5.5,0.136,0.069,0,0.465
614,Seton Hall,Madison,Jones,33,31,29.5,13,95.1,101.2,0.496,0.452,35.7,26.8,1.7,7.9,4.3,0.184,0.035,0.004,0.251
615,Seton Hall,Veer,Singh,9,0,9.3,12.9,67.1,105.3,0.349,0.267,33.3,80,2.6,16.3,8.6,0.019,0,0.013,0.225
616,Seton Hall,Michael,Nzei,33,14,18,11.2,118.1,102.8,0.662,0.659,72,0,11.3,12.5,11,0.021,0.012,0.032,0.212
617,Seton Hall,Ismael,Sanogo,28,19,22.3,9.5,91.7,97.9,0.468,0.445,52.1,4.1,8.2,19.9,12.9,0.056,0.023,0.031,0.263
618,Seton Hall,Rashed,Anthony,29,0,4.4,4.3,93.4,106.7,0.478,0.333,50,0,7.7,8,7.2,0,0.005,0.008,0.353
619,Seton Hall,Manny,Anderson,4,0,1.3,0,-,112.2,-,-,-,-,0,0,0,0,0,0,-
620,Seton Hall,Michael,"Dowdy, Jr.",6,1,1.5,0,-,107.9,-,-,-,-,0,12.7,5.7,0,0,0,-
621,Providence,Casey,Woodring,4,0,1.8,45.1,-,103.8,0.25,0.25,0,83.3,17,16.8,15.5,0,0,0,0
622,Providence,Rodney,Bullock,33,33,32.8,27.1,100.8,96.9,0.545,0.493,39.2,35.7,5,18,10.6,0.098,0.021,0.027,0.145
623,Providence,Ricky,Council II,5,0,4,23.7,-,103.2,0.25,0.25,0,100,0,17.6,8.2,0,0,0,0.333
624,Providence,Emmitt,Holt,32,28,27.5,22.9,112.6,98.6,0.593,0.56,42.5,21.4,7.4,15.6,10.6,0.083,0.015,0.031,0.117
625,Providence,Kyron,Cartwright,33,33,33.1,22.2,103.2,101.4,0.516,0.47,35.7,25.5,1.9,10.8,5.8,0.419,0.02,0.001,0.209
626,Providence,Isaiah,Jackson,33,11,16.7,18.3,105.6,99,0.595,0.553,38.3,35.3,2.6,14.5,7.9,0.151,0.02,0.018,0.188
627,Providence,Drew,Edwards,8,0,10.8,17.4,86.2,100.1,0.513,0.5,52.6,31.6,0,6.8,3.2,0.045,0.028,0.013,0.176
628,Providence,Maliek,White,33,0,11.5,16.8,83.9,99.1,0.462,0.452,13.1,44,1.6,8.7,4.7,0.222,0.032,0.006,0.265
629,Providence,Kalif,Young,33,5,13.1,16.8,91.4,97.3,0.499,0.518,54.1,1.2,12.7,16.3,13.3,0.06,0.017,0.043,0.239
630,Providence,Alpha,Diallo,33,16,21.4,16.6,99.5,99.1,0.519,0.438,57.9,25.5,5.4,12.2,8.1,0.106,0.025,0.008,0.184
631,Providence,Jalen,Lindsey,32,32,32.1,14.8,124.9,101.4,0.645,0.616,33.2,69.4,4.4,11.4,7.3,0.043,0.016,0.009,0.08
632,Providence,Tom,Planek,7,0,1.9,13.4,-,94.9,0,-,-,-,27.5,27.1,25.1,0,0,0.084,0.602
633,Providence,Ryan,Fazekas,30,7,11.8,13.3,105.6,101.1,0.536,0.525,11.3,73.8,0,11,5.1,0.049,0.019,0.006,0.056
634,Providence,Bryan,Donovan,1,0,0,-,-,-,-,-,-,-,-,-,-,-,-,-,-
635,Marquette,Markus,Howard,31,27,22,26.5,119.4,108.6,0.691,0.658,23.4,55.8,1.6,10.3,5.7,0.199,0.022,0.003,0.175
636,Marquette,Cam,Marotta,9,0,2.1,26.1,65.1,112.9,0.363,0.25,33.3,50,0,12.3,5.9,0.159,0,0,0.304
637,Marquette,JaJuan,Johnson,31,24,26,24.7,106,101.8,0.571,0.529,28.4,29.1,3.2,15.4,8.9,0.189,0.042,0.018,0.179
638,Marquette,Andrew,Rowsey,32,9,20.8,23.6,128.7,110,0.682,0.615,41.3,69.1,1.1,9.1,4.9,0.197,0.018,0.002,0.134
639,Marquette,Katin,Reinhardt,29,4,25.8,21.5,111.2,111,0.555,0.514,20.9,58.9,3.5,9,5.9,0.141,0.014,0.004,0.122
640,Marquette,Sandy,"Cohen, III",3,0,6.3,21.1,-,107,0,0,0,0,6.5,12.3,8.9,0.074,0,0.11,0.5
641,Marquette,Harry,Froling,10,0,14.6,20.2,90.1,94.4,0.519,0.527,27,27,10.3,15.4,12,0.078,0.017,0.018,0.253
642,Marquette,Luke,Fischer,32,25,24,20.1,127.1,104.2,0.65,0.647,36.6,0,13.3,16.3,13.9,0.095,0.014,0.072,0.124
643,Marquette,Haanif,Cheatham,32,25,25.4,18.5,108.9,108.5,0.56,0.49,50.7,19.7,3.4,14.5,8.5,0.145,0.016,0.005,0.17
644,Marquette,Duane,Wilson,30,7,16.4,17.1,102.4,105.2,0.507,0.477,25,37.5,0.8,11.9,6.1,0.165,0.034,0.006,0.15
645,Marquette,Sam,Hauser,32,28,26.5,14.2,128.1,106,0.645,0.627,14.1,67.8,4.3,17.9,10.6,0.083,0.017,0.023,0.092
646,Marquette,Deon,Franklin,8,0,2,9.4,-,97.3,0,0,0,50,0,21.9,10.6,0,0.036,0.065,0.333
647,Marquette,Matt,Heldt,32,7,13.1,7.7,138.5,108.1,0.684,0.7,80,0,12.2,14.8,12.7,0.022,0.008,0.032,0.156
648,Xavier,Trevon,Bluiett,36,36,35.1,25.9,113,105.9,0.582,0.532,41.1,50.6,2.4,16.6,8.6,0.125,0.015,0.004,0.12
649,Xavier,Edmond,Sumner,21,20,33.1,23.8,112.3,103.8,0.58,0.507,64.5,20.9,1.8,13.5,7,0.303,0.023,0.027,0.176
650,Xavier,Leighton,Schrand,8,0,1,23.7,87.1,114.7,0.543,0,400,0,0,0,0,0,0,0,0.266
651,Xavier,J.P.,Macura,38,38,33.5,22.5,112.2,105.3,0.558,0.502,37.6,44.8,4.6,10.8,7,0.172,0.025,0.007,0.136
652,Xavier,Sean,O'Mara,38,8,13.8,20.4,120.5,105.1,0.64,0.607,54.5,0,11.4,14.6,11.9,0.093,0.014,0.029,0.151
653,Xavier,RaShid,Gaston,38,18,18.2,20.2,115.8,104.2,0.596,0.59,46.7,0,15.7,22.5,17.4,0.07,0.005,0.032,0.149
654,Xavier,Tyrique,Jones,37,13,11,19.6,112,103.5,0.595,0.602,36.3,0,16.6,16.2,15,0.057,0.013,0.046,0.171
655,Xavier,Myles,Davis,3,0,11.3,17.4,20.6,108.4,0.102,0,50,75,0,6.9,3.1,0,0.017,0,0.17
656,Xavier,Quentin,Goodin,38,18,24.1,16.9,86.3,106.5,0.42,0.383,36.5,25.5,0.8,9.1,4.5,0.252,0.022,0.008,0.242
657,Xavier,Kaiser,Gates,33,4,21,14.6,111.6,106.1,0.537,0.509,22.1,72.4,6.2,16.3,10.3,0.058,0.013,0.008,0.11
658,Xavier,Malcolm,Bernard,38,35,28,13.4,103.4,105.4,0.549,0.532,30.3,58.2,5.2,11.9,7.8,0.096,0.021,0.013,0.197
659,Xavier,Cullen,Barr,9,0,0.9,12.6,-,115.3,0,0,0,50,0,0,0,0,0,0,0
660,Xavier,Tim,Stainbrook,13,0,2.8,6.8,-,109.8,0.3,0.3,0,100,0,9.5,4.3,0.088,0,0.032,0
661,Xavier,Alex,Bergen,7,0,1,0,-,109.7,-,-,-,-,16.7,16.8,15.3,0,0,0,-
662,Xavier,Conor,Peterson,8,0,0.9,0,-,104.2,-,-,-,-,0,33.6,15.3,0,0,0,-
663,St. John's,Elijah,Holifield,7,0,1.9,32.6,100.1,85.7,0.654,0.75,33.3,50,0,8.5,3.8,0.442,0.126,0,0.225
664,St. John's,Bashir,Ahmed,33,33,26.7,27.3,98.1,108.2,0.516,0.467,43.3,40.8,7.2,15.2,10.1,0.092,0.011,0.022,0.149
665,St. John's,Marcus,LoVett,30,25,31.6,24.6,108.9,109.6,0.581,0.534,32.7,36.6,2,8.2,4.6,0.248,0.023,0.001,0.162
666,St. John's,Shamorie,Ponds,33,33,33.6,24.1,114.7,106,0.576,0.525,32.4,46,3.7,10.8,6.5,0.19,0.034,0.007,0.111
667,St. John's,Brandon,Lawrence,2,0,1,23.9,-,118.2,1,1,0,0,0,0,0,0,0,0,0
668,St. John's,Federico,Mussini,30,1,19.2,19.5,109.9,110.9,0.595,0.559,21.8,69.7,1.1,8.9,4.5,0.086,0.016,0,0.123
669,St. John's,Justin,Cole,2,0,2.5,18,0,109.5,0,0,200,0,0,22.2,9.9,0,0,0,0
670,St. John's,Malik,Ellison,33,26,24.8,17,98.2,108,0.522,0.495,39.9,44.4,2.9,11.7,6.6,0.185,0.021,0.01,0.202
671,St. John's,Darien,Williams,24,0,11.9,15.5,109.3,104.6,0.593,0.54,52.4,1.6,7.1,16.8,10.8,0.026,0.019,0.039,0.162
672,St. John's,Tariq,Owens,32,8,18.8,14.2,109.4,100.2,0.553,0.504,37.2,1.6,10.5,19.6,13.6,0.046,0.017,0.117,0.162
673,St. John's,Richard,Freudenberg,26,0,9.3,13.2,65.8,111.7,0.342,0.323,8.3,72.9,2.7,12.8,7,0.082,0.002,0.008,0.255
674,St. John's,Kassoum,Yakwe,33,31,20.5,12.4,94.9,106.8,0.469,0.425,49.2,0,5.6,11.8,7.9,0.064,0.006,0.096,0.166
675,St. John's,Amar,Alibegovic,26,0,10.3,12.2,95.7,107.7,0.514,0.489,37,54.3,3.6,14.1,8,0.109,0.01,0.038,0.219
676,Georgetown,Rodney,Pryor,32,32,32.6,26.1,112.1,103.5,0.597,0.575,21.3,46.2,3.9,13,8.1,0.093,0.014,0.021,0.102
677,Georgetown,Jessie,Govan,32,21,21,25.7,104,99.1,0.567,0.54,32.4,14,7.1,19.3,12.6,0.154,0.014,0.048,0.161
678,Georgetown,L.J.,Peak,32,32,32.8,25,112.5,104.6,0.602,0.529,54.7,28.9,3.9,9.1,6.1,0.226,0.019,0.012,0.166
679,Georgetown,Ra'Mond,Hines,5,0,1.4,20.8,53.8,113.7,0.266,0,200,100,0,0,0,0.228,0,0,0.347
680,Georgetown,Bradley,Hayes,26,11,13.1,19.8,93.2,97.3,0.519,0.534,36.4,0,11.6,21.8,15.6,0.127,0.014,0.062,0.233
681,Georgetown,Trey,Mourning,10,0,1.8,19.3,127.8,99.2,0.581,0.5,33.3,0,6.8,23.8,14.6,0,0,0.056,0
682,Georgetown,Marcus,Derrickson,28,17,23.8,18.2,110,103.1,0.576,0.523,33,52.8,6.3,14.4,9.7,0.117,0.01,0.027,0.155
683,Georgetown,Akoy,Agau,32,8,15,17.2,102.1,98,0.64,0.524,80.7,16.9,8.7,22.8,14.9,0.109,0.008,0.059,0.308
684,Georgetown,Tre,Campbell,21,0,14,15.4,94.2,104.6,0.505,0.475,34.4,57.4,1.3,8.4,4.7,0.174,0.024,0,0.213
685,Georgetown,Jagan,Mosely,31,20,20,13.7,100.2,103.5,0.521,0.418,67,38.1,1.8,10.4,5.8,0.224,0.021,0.008,0.251
686,Georgetown,Reggie,Cameron II,17,0,8.1,13,91.2,105.6,0.529,0.522,43.5,78.3,1.8,10.9,6.1,0.09,0.013,0.007,0.226
687,Georgetown,Kaleb,Johnson,31,2,10.7,12.9,103,103.1,0.501,0.471,86.5,23.1,8.1,12.2,9.5,0.07,0.019,0.009,0.153
688,Georgetown,Jonathan,Mulmore,32,12,20.2,11.5,97.5,106.8,0.521,0.417,71.4,34.5,1.3,6.1,3.6,0.16,0.015,0.006,0.251
689,Georgetown,George,Muresan,5,0,1.2,8.4,-,92.8,0,0,0,100,0,0,0,0,0.096,0,0
690,DePaul,Billy,Garrett Jr.,32,32,29.3,29.3,100.4,109.8,0.544,0.445,49.3,31.3,1.5,10.7,5.3,0.251,0.023,0.007,0.193
691,DePaul,Eli,Cain,32,32,33.1,27.1,100.3,109.7,0.507,0.458,36.2,34.8,3.4,13.3,7.4,0.181,0.018,0.014,0.135
692,DePaul,Darrick,Wood,19,0,10.2,26.2,93.8,111.8,0.493,0.48,30.7,32,4.7,11.7,7.3,0.142,0.012,0.006,0.15
693,DePaul,R.J.,Curington,19,0,9.5,21.9,108.4,108,0.585,0.528,38.9,40.7,10.7,13.9,11.2,0.133,0.023,0.021,0.192
694,DePaul,Devin,Gage,31,0,11.2,20.1,94.1,107,0.538,0.5,30.5,22.1,2,6.9,3.9,0.165,0.037,0.025,0.218
695,DePaul,Chris,Harrison-Docks,26,0,19.5,18.5,97.3,114,0.519,0.493,10.5,75.7,1.3,3.5,2.1,0.084,0.017,0,0.145
696,DePaul,Tre'Darius,McCallum,32,32,31,18.1,99.9,103.6,0.511,0.482,19.6,27.9,5.6,21.2,11.9,0.091,0.029,0.032,0.146
697,DePaul,Brandon,Cyrus,32,32,26.3,15.9,91.5,109.9,0.458,0.405,35.3,20.5,7,12.1,8.6,0.067,0.02,0.01,0.173
698,DePaul,Levi,Cook,25,0,10.9,13.8,98.4,110.9,0.614,0.604,27.1,0,10.8,14.7,11.5,0.022,0.002,0.045,0.281
699,DePaul,Erten,Gazi,13,0,4.2,12.6,136.1,110.6,0.836,0.778,44.4,44.4,6.2,18.2,10.9,0.074,0.011,0,0.218
700,DePaul,Al,Eichelberger,26,0,8.2,10.7,106.6,111.7,0.641,0.762,152.4,0,8,10.6,8.5,0.009,0.006,0.047,0.222
701,DePaul,Joe,Hanel,32,32,25.7,9.6,110.2,111,0.638,0.649,53.2,0,9.2,13.3,10.2,0.055,0.01,0.019,0.256
702,DePaul,David,Leitao III,2,0,2.5,0,-,110.7,-,-,-,-,0,25.1,10.9,0,0,0,-
703,DePaul,Austin,Grandstaff,1,0,0,-,-,-,-,-,-,-,-,-,-,-,-,-,-
704,DePaul,Peter,Ryckbosch,1,0,0,-,-,-,-,-,-,-,-,-,-,-,-,-,-
705,DePaul,Max,Strus,1,0,0,-,-,-,-,-,-,-,-,-,-,-,-,-,-
706,Purdue,Isaac,Haas,35,15,19.5,31.4,109.6,96.6,0.635,0.587,63.8,0,11.5,18,13.9,0.064,0.008,0.038,0.183
707,Purdue,Caleb,Swanigan,35,35,32.5,28,115.2,92.3,0.629,0.572,49.9,20.2,10.7,32.7,20.9,0.189,0.008,0.025,0.187
708,Purdue,Carsen,Edwards,35,21,23.3,26.7,94.1,97.8,0.49,0.455,22.1,43,2.2,10.4,6.1,0.142,0.026,0.004,0.148
709,Purdue,Tommy,Luce,15,0,1.7,24.9,28.3,102.2,0.079,0,60,20,0,0,0,0.231,0.023,0,0.487
710,Purdue,Vincent,Edwards,35,27,28.6,21.5,120.4,99.5,0.598,0.558,27.1,33.7,8.4,11.7,9.4,0.21,0.012,0.019,0.138
711,Purdue,Basil,Smotherman,18,0,12.1,16.5,108.5,97.4,0.595,0.593,20.4,24.1,4.1,11.6,7.6,0.125,0.024,0.005,0.169
712,Purdue,Dakota,Mathias,35,35,31.8,14.5,121.3,99.3,0.634,0.614,15.5,63.3,1.3,12.3,6.7,0.204,0.016,0.004,0.162
713,Purdue,Jon,McKeeman,16,0,1.8,14.2,66.2,98.3,0.425,0.5,40,40,4.5,0,2,0,0.042,0,0.254
714,Purdue,Ryan,Cline,31,7,21.4,12.2,116.5,101.7,0.605,0.593,8.2,81.3,1,9.4,5.1,0.124,0.01,0.005,0.137
715,Purdue,P.J.,Thompson,35,35,28.6,11.9,128.9,100.9,0.613,0.594,23,69.1,3,5.4,4,0.168,0.021,0.001,0.11
716,Purdue,Grady,Eifert,15,0,2.9,10.5,169.7,98.6,0.815,0.857,71.4,0,8.6,12.5,9.9,0,0.013,0.023,0
717,Purdue,Spike,Albrecht,28,0,12.5,8.4,117.3,99.9,0.466,0.341,46.3,63.4,4,9.4,6.4,0.156,0.018,0.003,0.154
718,Wisconsin,Ethan,Happ,37,37,27.8,26.7,115.1,86.1,0.583,0.586,43.5,0,13.3,25.4,17.7,0.233,0.041,0.047,0.154
719,Wisconsin,Nigel,Hayes,37,37,32.4,24.3,111.4,97.6,0.522,0.485,58.4,17.8,8,16.5,11.2,0.168,0.015,0.013,0.113
720,Wisconsin,Matt,Ferris,11,0,1,23.8,-,86.7,0,0,0,40,31.8,22.1,24.9,0.281,0.057,0,0
721,Wisconsin,Bronson,Koenig,36,35,31.4,23.6,114.8,101.6,0.568,0.538,14.6,60.6,0.6,7.6,3.7,0.133,0.013,0.012,0.1
722,Wisconsin,Charles,"Thomas, IV",28,0,6.3,23.6,92.8,100.1,0.494,0.407,37,11.1,9.2,15.1,11.1,0.064,0,0.026,0.213
723,Wisconsin,"Vliet,",Van,14,0,3.4,22.6,108.2,90.6,0.48,0.441,23.5,47.1,12.2,38,22.8,0.08,0,0.047,0.096
724,Wisconsin,Vitto,Brown,37,37,21,20,100.2,97.4,0.515,0.494,14.3,59.7,7.1,15,10.1,0.09,0.015,0.025,0.175
725,Wisconsin,D'Mitrik,Trice,37,2,18.3,18.4,105,99.3,0.518,0.484,20.7,49.5,1.2,11.1,5.6,0.171,0.019,0.005,0.156
726,Wisconsin,T.J.,Schlundt,13,0,1.6,16,67.7,102.6,0.233,0.167,16.7,66.7,5.6,5.8,5.2,0,0,0.054,0
727,Wisconsin,Khalil,Iverson,35,0,15.3,14.9,105.4,94.6,0.571,0.553,60.6,13.8,9.8,16.1,11.8,0.074,0.021,0.042,0.222
728,Wisconsin,Brevin,Pritzl,24,0,8.1,13.8,109.1,100,0.485,0.408,50,55.3,8.4,7.5,7.3,0.018,0.023,0,0.097
729,Wisconsin,Zak,Showalter,37,37,29.5,13.3,124.4,96.6,0.647,0.614,24.8,57.5,3.1,8.7,5.4,0.108,0.033,0.011,0.147
730,Wisconsin,Alex,Illikainen,27,0,8.3,11,101.3,100.2,0.402,0.378,32.4,43.2,8.3,13,9.8,0.068,0.008,0.015,0.106
731,Wisconsin,Jordan,Hill,35,0,9.9,10.1,100,101.2,0.457,0.435,16.7,64.8,2.3,10.8,6,0.078,0.011,0.003,0.134
732,Wisconsin,Aaron,Moesch,18,0,2.2,6.4,123.2,98.8,0.307,0.25,50,0,14.6,6.1,9.6,0.08,0.031,0,0
733,Maryland,Melo,Trimble,33,33,32.1,28.4,106.4,101.9,0.567,0.506,42.4,44.3,1,11.4,5.9,0.252,0.02,0.005,0.169
734,Maryland,Michal,Cekovsky,17,4,13.2,26,116.2,99.3,0.656,0.671,45.1,0,11,13.3,11.2,0.094,0.005,0.092,0.14
735,Maryland,Travis,Valmon,5,0,1.6,24.7,76.8,94.2,0.532,0,200,0,29.4,0,13.1,0,0.075,0,0.515
736,Maryland,Justin,Jackson,33,30,27.8,20.2,107.1,98.3,0.561,0.524,36,39.3,7.4,16.9,11.3,0.068,0.019,0.029,0.149
737,Maryland,Anthony,Cowan,33,33,29,19.9,109.9,100.8,0.571,0.48,68.1,35.4,3.6,11.5,7.1,0.246,0.025,0.005,0.203
738,Maryland,Dion,Wiley,20,0,10.3,19.2,97.1,103.4,0.483,0.449,23.7,67.8,5.7,10.2,7.4,0.101,0.012,0.02,0.156
739,Maryland,Jared,Nickens,33,1,10.2,17.6,96.1,106.5,0.489,0.464,12.2,80.6,2.1,7.5,4.5,0.045,0.007,0.006,0.112
740,Maryland,Damonte,Dodd,26,24,19.5,17.5,108.6,100.3,0.585,0.581,70.5,0,16.2,9.5,11.8,0.043,0.006,0.105,0.207
741,Maryland,Kevin,Huerter,33,33,29.4,16.9,110.1,98.9,0.556,0.544,10.6,66.3,2.7,16,8.8,0.178,0.02,0.024,0.143
742,Maryland,Jaylen,Brantley,33,0,16.8,16.5,103.3,102.7,0.513,0.493,23.6,57.6,1.9,10.9,6,0.11,0.018,0,0.117
743,Maryland,Ivan,Bender,32,5,14.3,16.1,118.1,100.7,0.671,0.663,47.4,0,8.3,16.9,11.7,0.126,0.007,0.027,0.202
744,Maryland,L.G.,Gill,33,2,12.7,14.5,113.2,104.3,0.533,0.47,72,12.2,7.3,11,8.5,0.04,0.007,0.012,0.092
745,Maryland,Andrew,Terrell,5,0,1.6,6.4,-,111.6,0,0,0,100,0,0,0,0.401,0,0,0
746,Minnesota,Nate,Mason,34,34,34.5,24.8,105.7,100,0.499,0.436,34.7,33.3,2,8.8,5,0.292,0.023,0.003,0.111
747,Minnesota,Ahmad,Gilbert,15,0,5,24.4,72.7,96.5,0.435,0.426,14.8,81.5,2.9,16.1,8.9,0.05,0.015,0.026,0.218
748,Minnesota,Jordan,Murphy,34,34,27.5,21.7,105.1,92.4,0.544,0.509,51.6,11.1,9.6,23.5,15.2,0.064,0.014,0.037,0.137
749,Minnesota,Brady,Rudrud,5,0,1.8,21.5,145,104.2,0.773,0.833,66.7,33.3,0,11.2,5.3,0,0,0,0
750,Minnesota,Akeem,Springs,32,14,24.1,20.6,103.8,101,0.525,0.506,17.5,65.3,2.4,10.3,5.9,0.11,0.013,0.008,0.094
751,Minnesota,Dupree,McBrayer,34,21,27.8,20.3,108,101.9,0.558,0.509,39.3,30.9,1,6.3,3.4,0.195,0.018,0.01,0.132
752,Minnesota,Amir,Coffey,33,33,33.3,19,108.6,100.4,0.567,0.503,50,32.5,2.3,9.5,5.5,0.179,0.018,0.004,0.152
753,Minnesota,Reggie,Lynch,33,33,23.2,18.9,105.6,90.1,0.575,0.543,48.7,0,9.9,17.4,12.5,0.04,0.011,0.145,0.169
754,Minnesota,Gaston,Diedhiou,4,0,2.3,16.6,-,104.2,0.333,0.333,0,33.3,12.1,11.2,10.6,0,0,0,0
755,Minnesota,Eric,Curry,34,1,19.9,16.4,102.6,95.4,0.5,0.447,40,18.1,8.5,18.4,12.4,0.115,0.013,0.034,0.157
756,Minnesota,Darin,Haugh,5,0,1.6,12.4,-,97.3,0,0,0,100,0,25.2,11.9,0.392,0,0,0.5
757,Minnesota,Bakary,Konate,33,0,9.7,11,96.6,91.6,0.533,0.488,57.1,4.8,9.9,19.5,13.5,0.016,0.014,0.076,0.255
758,Minnesota,Michael,Hurt,26,0,5.8,9.2,82.7,104.2,0.414,0.35,20,70,2.9,6,4.1,0.067,0.008,0.006,0.216
759,Minnesota,Stephon,Sharp,9,0,1.8,5.8,-,100.8,1.136,-,-,-,0,0,0,0.098,0.036,0,0.532
760,Michigan,Moritz,Wagner,38,38,23.9,25,118.9,101.1,0.661,0.635,35.3,38,7.6,15.2,10.7,0.047,0.027,0.016,0.137
761,Michigan,Ibi,Watson,19,0,4.4,23,75.5,105.9,0.39,0.362,13.8,62.1,0,12.5,5.9,0.023,0.015,0,0.089
762,Michigan,Derrick,Walton Jr.,38,38,34.8,22.8,127.8,103.5,0.631,0.561,43.4,59.2,1.7,16.1,8.5,0.273,0.021,0.001,0.124
763,Michigan,Zak,Irvin,38,38,35.4,22.5,105.1,105.2,0.534,0.516,17.7,36.5,2.3,14.3,7.9,0.165,0.016,0.002,0.133
764,Michigan,Sean,Lonergan,17,0,2.1,21.4,96.4,103,0.473,0.444,66.7,22.2,3.8,21.6,11.9,0.154,0,0.029,0.147
765,Michigan,Fred,Wright-Jones,13,0,1.4,18.5,89.4,110.9,0.512,0.375,50,50,0,7.2,3.4,0,0,0,0.17
766,Michigan,Duncan,Robinson,38,3,20.1,18.4,123.3,106.8,0.635,0.619,14.9,70.2,1.9,9.3,5.3,0.083,0.012,0.012,0.077
767,Michigan,D.J.,Wilson,38,36,30.4,18.3,123.2,102.4,0.632,0.605,19.7,36.1,6.7,16.3,10.8,0.085,0.011,0.052,0.112
768,Michigan,Muhammad-Ali,Abdur-Rahkman,38,37,30.6,16.2,117.1,106.2,0.584,0.544,31.3,42.9,3.1,8.7,5.5,0.117,0.019,0.004,0.117
769,Michigan,Mark,Donnal,38,0,12.2,14.4,136.9,105,0.718,0.673,61.7,22.2,10.2,11.4,10.1,0.016,0.012,0.027,0.127
770,Michigan,Xavier,Simpson,38,0,8.7,12.9,102.8,101.8,0.521,0.43,72.1,44.2,1.6,7.8,4.4,0.184,0.038,0.006,0.251
771,Michigan,Brent,Hibbitts,10,0,2.2,10.3,-,109.4,0.75,0.75,0,100,12.3,11.8,11.2,0.15,0,0,0.5
772,Michigan,Jon,Teske,20,0,3.1,9.9,97.4,95.4,0.259,0.143,85.7,14.3,15.5,10.6,12.1,0.052,0.031,0.12,0.094
773,Michigan,Austin,Davis,1,0,0,-,-,-,-,-,-,-,-,-,-,-,-,-,-
774,Northwestern,Isiah,Brown,35,2,14.8,28.7,90.2,101.4,0.449,0.377,38.9,31.8,2.2,6.7,4.1,0.158,0.022,0.015,0.136
775,Northwestern,Bryant,McIntosh,36,36,34.2,26.9,100.3,103.8,0.494,0.446,21.9,27.8,0.8,8,4.1,0.323,0.013,0.004,0.151
776,Northwestern,Scottie,Lindsey,32,32,30.6,24.6,108.2,100.3,0.539,0.5,21.1,46.9,2,11.7,6.3,0.159,0.019,0.01,0.095
777,Northwestern,Vic,Law,36,36,32.1,21.4,105.5,97.8,0.529,0.484,33.4,40.5,4.6,15.5,9.2,0.108,0.02,0.017,0.118
778,Northwestern,Gavin,Skelly,36,0,17.7,19,107.7,97.1,0.577,0.523,44.5,38.7,9.2,13.8,10.4,0.139,0.011,0.075,0.202
779,Northwestern,Nathan,Taphorn,35,2,12.2,16.1,124.7,103,0.666,0.65,14.5,75.5,3,10.2,6,0.11,0.007,0.018,0.114
780,Northwestern,Dererk,Pardon,28,28,30.8,13.7,122.7,95.6,0.612,0.611,40.7,0,12.1,16.9,13.2,0.072,0.016,0.063,0.132
781,Northwestern,Barret,Benson,32,8,8,13.2,115.8,94.9,0.601,0.591,52.3,0,9.4,12.8,10,0.088,0.021,0.081,0.169
782,Northwestern,Charlie,Hall,7,0,1.1,13,-,91.3,0,0,0,100,14.3,40.8,25.2,0,0,0,0
783,Northwestern,Jordan,Ash,27,0,3.8,12.6,-,97.8,0.375,0.375,0,75,1.1,11.6,5.9,0.166,0.03,0.011,0.2
784,Northwestern,Aaron,Falzon,3,0,6.7,10.4,-,102.7,0,0,0,100,0,10.9,5,0.237,0,0.054,0.25
785,Northwestern,Sanjay,Lumpkin,36,36,27.8,10,128.1,99,0.641,0.612,50,36.2,6,15.6,9.9,0.088,0.013,0.016,0.129
786,Michigan State,Nick,Ward,35,21,19.8,33.5,113.8,95.9,0.615,0.592,65.4,0,17.5,20.2,17.6,0.053,0.01,0.08,0.128
787,Michigan State,Conner,George,10,0,1.2,32.8,83.3,100.5,0.647,0.5,300,50,0,27,13.5,0.149,0,0,0.393
788,Michigan State,Greg,Roy,8,0,0.9,28.5,96,110.8,0.387,0.333,66.7,33.3,17.8,0,7.7,0,0,0,0
789,Michigan State,Miles,Bridges,28,27,32,27.1,107.1,96.3,0.585,0.563,25.3,39.6,5.7,23,14,0.145,0.013,0.049,0.14
790,Michigan State,Eron,Harris,28,24,22.1,25.5,102.1,103.9,0.559,0.524,24.8,47.4,2.8,11.7,7.1,0.155,0.011,0.008,0.153
791,Michigan State,Cassius,Winston,35,5,20.7,20.6,106.6,102.8,0.553,0.497,39,39,1,8.6,4.8,0.467,0.021,0.007,0.265
792,Michigan State,Alvin,Ellis III,35,8,19.4,19.3,98.4,100.4,0.549,0.514,31.7,62.8,4.1,13.7,8.6,0.118,0.019,0.02,0.193
793,Michigan State,Joshua,Langford,35,27,21,16.7,107.9,105.3,0.604,0.595,13.8,47.1,4.3,8.2,5.9,0.1,0.011,0.004,0.159
794,Michigan State,Kyle,Ahrens,34,4,8.2,15.9,107.8,105.4,0.565,0.536,22.9,64.3,2.7,12.8,7.5,0.053,0.002,0,0.105
795,Michigan State,Matt,McQuaid,34,11,21,15.5,101.2,106,0.502,0.474,20.2,69.4,3.3,6.8,4.8,0.103,0.012,0.003,0.125
796,Michigan State,Kenny,Goins,35,14,18.3,10.8,100.8,99.1,0.605,0.578,39.8,0,7.4,20.4,13.4,0.058,0.007,0.034,0.275
797,Michigan State,Lourawls,Nairn Jr.,35,30,22.8,10.7,104.2,104.1,0.482,0.47,22.6,32.2,0.5,11.3,5.9,0.272,0.011,0.005,0.236
798,Michigan State,"Dyk,",Van,32,4,7.3,10.7,109.1,98.3,0.54,0.538,88.5,0,14.5,11.6,12.1,0.089,0.023,0.053,0.249
799,Iowa,Dale,Jones,5,1,3,31.8,-,105.7,0.188,0.188,0,87.5,7.2,21.1,13.3,0.107,0,0,0.2
800,Iowa,Peter,Jok,32,32,30.7,30.2,113.1,104.9,0.587,0.516,36.2,47.3,3.3,15.6,8.9,0.175,0.019,0.003,0.129
801,Iowa,Tyler,Cook,27,26,24.5,25.2,102,105.5,0.581,0.558,52.8,3.5,8.7,14.3,10.8,0.079,0.015,0.017,0.186
802,Iowa,Cordell,Pemsl,34,14,19.3,21.4,112.1,101.7,0.625,0.617,63.8,0.5,10.1,17.4,12.9,0.11,0.021,0.037,0.18
803,Iowa,Charlie,Rose,7,0,1.3,21.2,-,109.8,0.333,0.333,0,33.3,0,11.7,5.5,0.192,0,0,0.25
804,Iowa,Isaiah,Moss,34,28,17.1,20.9,94.7,107.3,0.505,0.483,15.2,39.7,1.7,8.4,4.7,0.092,0.018,0.023,0.142
805,Iowa,Jordan,Bohannon,34,28,29.6,19.2,110.6,109.5,0.567,0.535,18.1,70.4,1,7,3.8,0.304,0.016,0.002,0.188
806,Iowa,Ryan,Kriener,28,0,8.4,19,100.7,101.8,0.569,0.558,21.7,7.2,7.4,20.2,12.9,0.088,0.014,0.038,0.192
807,Iowa,Ahmad,Wagner,34,18,16,16.6,109.3,104,0.515,0.512,66.7,1.6,12.6,10.2,10.6,0.147,0.028,0.026,0.159
808,Iowa,Maishe,Dailey,12,0,7.7,15.4,101.3,102.2,0.548,0.545,27.3,54.5,3.5,18.3,10.3,0.093,0.024,0.011,0.169
809,Iowa,Dom,Uhl,32,7,14.6,15.4,97,106.8,0.471,0.402,53.6,43.3,7,16.2,10.9,0.132,0.006,0.019,0.205
810,Iowa,Nicholas,Baer,34,10,23.8,14.7,121.9,98.7,0.573,0.562,21.7,57.1,9.3,16.7,12.2,0.126,0.033,0.053,0.108
811,Iowa,Christian,Williams,34,6,12.8,14.7,83.6,104.1,0.385,0.359,29.3,14.1,2.5,10.4,6.1,0.197,0.033,0.002,0.224
812,Iowa,Brady,Ellingson,34,0,14.2,13.1,124.8,110.4,0.622,0.586,16.2,61.3,1.6,7,4,0.13,0.013,0,0.105
813,Illinois,Malcolm,Hill,35,35,33.3,25.8,115.4,100.1,0.575,0.509,46.9,42.1,3.5,14.8,8.5,0.184,0.021,0.012,0.112
814,Illinois,Leron,Black,31,27,20.2,23,100.7,97.8,0.511,0.478,24.2,16.6,10.3,26.6,17.3,0.043,0.013,0.005,0.13
815,Illinois,Mike,Thorne Jr.,23,10,13.8,21.8,96.6,101.8,0.543,0.547,36.8,0,10.4,18.6,13.6,0.053,0.002,0.028,0.191
816,Illinois,Maverick,Morgan,35,25,25.6,20.7,105,102.6,0.567,0.54,35.1,0,8,12.8,9.8,0.07,0.007,0.035,0.162
817,Illinois,Alex,Austin,10,0,2,20.4,-,102.1,0.25,0.25,0,50,23.6,23.7,22.1,0,0,0,0
818,Illinois,Kipper,Nichols,21,1,13.6,19.6,101.6,99.6,0.541,0.523,24.4,31.4,7.8,17,11.6,0.014,0.014,0.027,0.136
819,Illinois,Tracy,Abrams,35,30,24.2,18.9,108.8,100,0.557,0.531,24.2,52,1.1,13,6.6,0.185,0.025,0.008,0.14
820,Illinois,Jalen,Coleman-Lands,35,15,24.3,18.1,100.5,102.9,0.522,0.504,9.7,72.8,1,10.5,5.3,0.076,0.017,0.005,0.116
821,Illinois,Michael,Finke,32,8,19.8,17.3,113,102.5,0.593,0.59,18,52.3,9.1,16,11.7,0.065,0.009,0.009,0.139
822,Illinois,D.J.,Williams,17,0,8.8,17,89.7,104.7,0.462,0.45,12.5,25,3.1,8.7,5.5,0.101,0.004,0.037,0.159
823,Illinois,Clayton,Jones,9,0,1.2,15.9,126.4,110.9,0.581,0.5,33.3,66.7,0,0,0,0,0,0,0
824,Illinois,Te'Jon,Lucas,31,15,20.7,15.6,96.5,100.7,0.506,0.461,61.7,27.8,1.3,9.4,5,0.261,0.029,0.002,0.259
825,Illinois,Samson,Oladimeji,7,0,1.1,14.8,128.4,105.3,0.431,0,300,100,29.5,14.8,20.7,0,0,0,0
826,Illinois,Jaylon,Tate,26,7,15.7,11.8,98.6,103.8,0.497,0.404,74.5,23.4,2.3,7.5,4.6,0.301,0.017,0.005,0.339
827,Illinois,Aaron,Jordan,24,2,6.9,10.7,84.5,98.5,0.375,0.393,21.4,71.4,4.3,15.1,9,0.051,0.029,0.007,0.115
828,Ohio State,Joey,Lane,4,0,3,33.5,82.9,93.8,0.595,0.6,40,80,0,17.6,8.6,0,0.049,0,0.254
829,Ohio State,Jae'Sean,Tate,32,32,31.9,23.5,108,100.2,0.574,0.559,45,10.8,7.1,14.8,10.3,0.135,0.02,0.017,0.153
830,Ohio State,Keita,Bates-Diop,9,3,23.3,22.9,102.9,99.8,0.543,0.52,18.9,20.3,6.7,17.6,11.5,0.122,0.006,0.065,0.149
831,Ohio State,Trevor,Thompson,32,20,23,22.1,118.6,92.5,0.62,0.571,57.1,0,13.7,29.6,20.5,0.04,0.01,0.075,0.141
832,Ohio State,JaQuan,Lyle,31,23,29.3,21.7,107.7,103,0.566,0.521,40.5,30.7,1.3,10.2,5.6,0.306,0.021,0.003,0.194
833,Ohio State,Marc,Loving,32,32,33.9,20.5,99.5,104.1,0.565,0.515,40.7,51.5,3.6,11.4,7.1,0.104,0.01,0.018,0.204
834,Ohio State,Jimmy,Jent,4,0,2.5,20.4,-,93.6,0.375,0.375,0,50,0,42.2,20.6,0,0,0,0
835,Ohio State,C.J.,Jackson,32,9,19.1,17.8,104.8,101.3,0.523,0.483,37.4,55.1,2.5,11.4,6.7,0.274,0.026,0,0.197
836,Ohio State,Kam,Williams,32,29,30.7,17,100.6,106.2,0.513,0.482,13.4,48.2,1.1,6.2,3.5,0.059,0.014,0.005,0.104
837,Ohio State,Micah,Potter,30,12,14.1,16.3,106.1,101.3,0.542,0.52,35.4,51.5,9.8,14.2,11.2,0.035,0.011,0.03,0.149
838,Ohio State,David,Bell,15,0,6.1,13.5,105.9,94.3,0.474,0.444,38.9,0,12.9,22,16.4,0.04,0.013,0.088,0.125
839,Ohio State,Andre,Wesson,29,0,11.6,12.5,93.1,106,0.513,0.49,53.8,71.2,5.3,6.6,5.5,0.046,0.01,0.017,0.219
840,Indiana,James,Blackmon Jr.,30,30,30.5,24.6,122.5,106.9,0.634,0.601,23.6,58.9,3.9,13.8,8.4,0.122,0.013,0.001,0.126
841,Indiana,Quentin,Taylor,6,0,1.7,24.4,-,97.6,1,1,0,0,12.2,11,10.7,0,0.058,0,0.8
842,Indiana,Tim,Priller,9,0,3,22.9,165.2,98.8,0.816,0.778,66.7,0,18.1,28.4,21.8,0.258,0,0.077,0.079
843,Indiana,Robert,Johnson,34,32,29.4,22.6,106.8,105.5,0.565,0.546,14.7,52.4,1.5,15,8,0.161,0.017,0.003,0.169
844,Indiana,De'Ron,Davis,34,4,13.9,22.5,111.8,103.1,0.569,0.485,66.2,0,13.8,12.3,12,0.12,0.017,0.053,0.189
845,Indiana,Thomas,Bryant,34,34,28.1,21.9,114.1,101.6,0.61,0.56,51.9,21.1,9.7,17.2,12.7,0.098,0.016,0.057,0.182
846,Indiana,OG,Anunoby,16,10,25.1,20.6,117.1,99.2,0.618,0.615,39.3,36.9,8.5,16.1,11.6,0.11,0.03,0.055,0.154
847,Indiana,Curtis,Jones,33,1,11.2,18.8,99.2,105.8,0.483,0.449,23.1,55.6,2.6,10.6,6.3,0.142,0.022,0.008,0.168
848,Indiana,Josh,Newkirk,34,32,28.1,18.6,103.5,108.5,0.534,0.506,24.2,35.4,2.9,9.4,5.9,0.198,0.012,0.008,0.209
849,Indiana,Freddie,"McSwain, Jr.",31,1,8.1,18.5,104.2,101.8,0.583,0.552,55.2,5.2,17.1,18.3,16.4,0.028,0.023,0.013,0.242
850,Indiana,Grant,Gelon,12,0,3.2,17.4,160.6,108.1,0.879,0.944,88.9,55.6,6.4,8.7,7,0,0.015,0,0.074
851,Indiana,Devonte,Green,32,3,15.2,16.2,100.9,104.6,0.587,0.557,32.1,51.9,2.3,10.8,6.3,0.118,0.026,0.013,0.249
852,Indiana,Juwan,Morgan,32,20,22.6,15.7,125,102.6,0.631,0.58,56.1,25.5,11,17.2,13.2,0.082,0.015,0.042,0.155
853,Indiana,Zach,McRoberts,31,3,11.3,5,115.7,105.7,0.43,0.407,7.4,44.4,4.5,10,6.9,0.125,0.02,0.018,0.223
854,Penn State,Grant,Hazle,5,0,0.4,49.5,-,112.5,0.5,0.5,0,0,0,0,0,0,0,0,0
855,Penn State,Lamar,Stevens,33,33,27.8,26.1,97.7,100.6,0.512,0.445,42.3,9.3,6.4,15.6,10.1,0.133,0.017,0.023,0.153
856,Penn State,Tony,Carr,33,33,32.8,24.2,97.3,103.4,0.492,0.421,42,27.5,2.2,14,7.4,0.265,0.012,0.009,0.163
857,Penn State,Shep,Garner,33,29,32.1,20.6,98.8,103.7,0.523,0.496,17.9,65.5,1.3,8.4,4.5,0.153,0.022,0.003,0.139
858,Penn State,Payton,Banks,32,13,26.7,20.3,102.4,106.4,0.521,0.485,20.4,68.7,1.5,7.7,4.2,0.074,0.009,0.01,0.086
859,Penn State,Alex,Zhao,4,0,1.3,19.8,-,112.5,0,0,0,50,21.7,0,10.1,0,0,0,0
860,Penn State,Mike,Watkins,33,24,23.8,19.1,115.1,91,0.613,0.59,45.2,0,11.3,26.2,17.2,0.056,0.018,0.117,0.142
861,Penn State,Nazeer,Bostick,18,0,6.7,17.4,64.5,98.6,0.369,0.31,17.2,31,1.8,10.2,5.5,0.093,0.033,0.034,0.261
862,Penn State,Josh,Reaves,28,23,27.1,16.7,97.2,96,0.532,0.5,26.5,32.6,5.3,11,7.5,0.153,0.045,0.028,0.211
863,Penn State,Terrence,Samuel,28,1,16.7,13.6,102.8,102,0.513,0.442,51.2,20.9,2.5,12.6,6.9,0.194,0.022,0.002,0.179
864,Penn State,Deividas,Zemgulis,18,0,6.2,12.4,58.3,105.2,0.335,0.325,10,65,2.9,9,5.5,0.016,0.01,0.009,0.251
865,Penn State,Isaiah,Washington,17,0,5,12.1,64.3,107.1,0.381,0.321,28.6,85.7,0,7.9,3.6,0.041,0.007,0,0.241
866,Penn State,Julian,Moore,32,9,14.9,11.9,93.8,101.5,0.506,0.461,35.5,0,8.7,13.3,10.1,0.043,0.01,0.052,0.235
867,Nebraska,Malcolm,Laws,5,0,2.2,32.5,32.2,99.8,0.137,0.167,50,16.7,0,10.4,4.6,0,0.053,0,0
868,Nebraska,Tai,Webster,31,31,34.7,27.6,102,104.9,0.521,0.467,37.7,31.3,3.2,13.3,7.4,0.251,0.023,0.004,0.165
869,Nebraska,Jordy,Tshimanga,31,9,12.5,25.3,89.9,100,0.496,0.449,50.4,0,14.4,20.3,15.9,0.043,0.021,0.041,0.229
870,Nebraska,Ed,Morrow,24,18,23.4,22.2,100.9,102.3,0.54,0.514,37.4,0,14.2,21,16.1,0.031,0.008,0.05,0.184
871,Nebraska,Glynn,Watson Jr.,31,29,31.6,21.4,108.9,104.8,0.529,0.487,24.3,35.1,1.7,9,4.8,0.172,0.03,0.004,0.112
872,Nebraska,Jeriah,Horne,29,0,11.8,20.9,95.3,106.1,0.514,0.5,12.9,56.9,2.7,15.5,8.1,0.066,0.012,0.009,0.158
873,Nebraska,Isaac,Copeland,7,5,19.6,20.5,86.9,102.6,0.393,0.275,47.5,25,7.2,11.7,8.8,0.08,0.025,0,0.126
874,Nebraska,Anton,Gill,12,1,17.3,17.3,75.2,109.3,0.36,0.339,13.6,49.2,3.5,8.8,5.6,0.052,0.011,0,0.15
875,Nebraska,Jack,McVeigh,30,11,22.9,16.7,108.5,107.7,0.526,0.492,20.9,70.9,2.1,10.3,5.6,0.053,0.014,0.012,0.089
876,Nebraska,Mohammad,Elradi,2,0,1.5,16.3,-,100.9,1,1,0,0,0,38.2,16.8,1.126,0,0,0
877,Nebraska,Michael,Jacobson,31,31,24,15.6,102.5,102.8,0.442,0.402,31,12.5,12.5,15.9,13,0.083,0.018,0.038,0.118
878,Nebraska,Isaiah,Roby,30,4,15.2,14.9,85.6,102.2,0.455,0.415,22.3,21.3,8.2,13,9.7,0.088,0.02,0.057,0.259
879,Nebraska,Evan,Taylor,31,21,24.4,13.5,91.4,106,0.47,0.432,23.9,16.1,2.3,10.9,5.9,0.09,0.022,0.004,0.178
880,Nebraska,Nick,Fuller,15,0,5.7,7.5,149.2,105.5,0.704,0.667,77.8,0,6.1,16.2,10.1,0.084,0.014,0,0.076
881,Nebraska,Tanner,Borchardt,1,0,1,0,-,110.7,-,-,-,-,0,0,0,0,0,0,-
882,Nebraska,Jason,Shultis,2,0,1.5,0,-,86.2,-,-,-,-,34.7,76.4,50.4,0,0,0,-
883,Rutgers,Corey,Sanders,33,31,30.4,28,89.4,100.8,0.439,0.406,29,18.5,1.8,10,5.2,0.238,0.026,0.017,0.157
884,Rutgers,Nigel,Johnson,32,13,26.2,24.7,102.4,100.6,0.483,0.441,30.1,37,1.7,12.2,6.2,0.166,0.027,0.003,0.105
885,Rutgers,Deshawn,Freeman,33,31,27,22.6,103.5,95.9,0.53,0.493,48.2,5.6,10.9,20.3,14.1,0.071,0.022,0.038,0.157
886,Rutgers,Mike,Williams,33,12,26.2,19.4,109.6,101,0.504,0.469,24.1,48.6,8.4,12.4,9.4,0.091,0.021,0.013,0.1
887,Rutgers,C.J.,Gettys,33,33,22,18.6,106.3,100,0.57,0.544,32.3,0,9.4,16.4,11.6,0.116,0.011,0.041,0.189
888,Rutgers,Eugene,Omoruyi,33,11,12,16.5,81,100.2,0.402,0.349,38.6,13.3,8.4,11.5,9,0.16,0.023,0.026,0.265
889,Rutgers,Candido,Sa,32,2,13.5,16.1,87.3,99.6,0.43,0.411,48.4,20,10.3,12.1,10.2,0.04,0.013,0.076,0.184
890,Rutgers,Khalil,Batie,7,0,2,15.6,87.6,101.2,0.436,0.5,33.3,100,0,23.8,10.5,0.265,0,0,0.225
891,Rutgers,Jonathan,Laurent,31,11,13.3,14.8,85,99.3,0.498,0.45,35,18.8,4.3,15.6,8.9,0.055,0.022,0.014,0.257
892,Rutgers,Issa,Thiam,31,21,18.4,13.5,88.3,105.2,0.453,0.45,6.2,76.7,2,8.4,4.6,0.033,0.013,0.004,0.153
893,Rutgers,Ibrahima,Diallo,18,0,8.3,12.6,62.5,96.4,0.254,0.231,30.8,0,9,14,10.4,0.058,0.02,0.083,0.234
894,Rutgers,Matt,Bullock,2,0,2,12.3,-,111.2,0,0,0,100,0,0,0,0,0,0,0
895,Rutgers,Aaren,Smith,1,0,4,10.8,-,112.3,0,-,-,-,0,0,0,0,0,0,0
896,Rutgers,Shaquille,Doorson,31,0,8.8,9.2,97.2,102.8,0.505,0.563,46.9,0,10.6,9.8,9.3,0.054,0.007,0.058,0.237
897,Rutgers,Jake,Dadika,11,0,4.7,6.6,-,105.1,0.333,0.333,0,33.3,0,4.3,1.9,0.163,0.023,0,0.571
898,Rutgers,Joey,Downes,1,0,0,-,-,-,-,-,-,-,-,-,-,-,-,-,-