,First_name,Last_name,Team,Conference,GP,GS,MPG,USG_P,OFF_RTG,DEF_RTG,TS_P,EFG_P,FT_RATE,3FG_TEND,OFF_REB_P,DEF_REB_P,REB_P,AST_P,STL_P,BLK_P,TO_P
0,Michael,Young,PITT,ACC,33,31,33.2,30.9,112.6,109.0,0.562,0.49700000000000005,46.1,25.7,5.8,17.3,10.8,0.2,0.01,0.02,0.11
1,Jerome,Robinson,BC,ACC,32,32,34.0,30.6,97.8,107.4,0.52,0.47700000000000004,32.2,32.2,2.1,11.2,6.0,0.21,0.03,0.01,0.15
2,John,Collins,WAKE,ACC,33,33,26.6,29.7,128.7,104.7,0.6679999999999999,0.622,58.5,0.3,16.4,25.7,19.4,0.05,0.01,0.07,0.11
3,Dwayne,Bacon,FSU,ACC,35,35,28.8,29.4,108.3,103.1,0.5479999999999999,0.51,28.2,35.0,4.0,11.9,7.5,0.12,0.02,0.0,0.11
4,Tadric,Jackson,GT,ACC,36,5,23.8,28.8,95.8,101.4,0.514,0.499,27.4,32.5,1.8,8.3,4.8,0.18,0.02,0.01,0.12
5,Marial,Shayok,UVA,ACC,34,14,20.6,27.6,98.9,91.9,0.514,0.48,19.9,21.3,2.2,12.6,6.8,0.11,0.03,0.02,0.11
6,Ja'Quan,Newton,MIA,ACC,30,28,31.4,27.4,96.1,101.6,0.517,0.46799999999999997,40.1,12.0,2.3,10.8,6.0,0.24,0.02,0.0,0.2
7,Josh,Okogie,GT,ACC,37,37,30.8,27.3,106.5,96.1,0.5579999999999999,0.486,56.3,17.1,5.7,13.6,9.1,0.12,0.03,0.03,0.13
8,Jr.,Smith,NCST,ACC,32,32,34.8,27.0,110.8,108.7,0.5710000000000001,0.52,47.6,36.4,2.7,11.5,6.7,0.34,0.03,0.01,0.18
9,Jamel,Artis,PITT,ACC,32,31,34.3,27.0,113.2,112.8,0.603,0.564,38.3,45.8,4.4,11.8,7.6,0.23,0.01,0.01,0.15
10,Zach,LeDay,VT,ACC,33,5,29.4,26.7,121.0,104.8,0.625,0.5539999999999999,63.2,11.8,11.0,18.5,14.0,0.09,0.01,0.04,0.12
11,Taurean,Thompson,SYR,ACC,34,21,17.9,26.5,106.5,101.6,0.575,0.5529999999999999,31.9,6.7,9.2,14.8,11.0,0.07,0.02,0.07,0.14
12,Jayson,Tatum,DUKE,ACC,29,27,33.3,26.1,110.1,97.2,0.573,0.507,38.1,32.1,4.9,19.7,11.8,0.12,0.02,0.03,0.15
13,Bonzie,Colson,ND,ACC,36,36,32.1,25.9,125.1,96.8,0.605,0.555,40.1,13.4,10.6,25.4,16.8,0.1,0.02,0.05,0.08
14,Jaron,Blossomgame,CLEM,ACC,33,33,34.3,25.8,114.1,106.7,0.5670000000000001,0.526,38.1,21.3,5.9,15.5,9.8,0.1,0.01,0.03,0.1
15,Justin,Jackson,UNC,ACC,40,39,32.0,25.8,119.0,101.9,0.5589999999999999,0.531,22.0,47.7,4.8,10.8,7.1,0.16,0.01,0.01,0.09
16,Bryant,Crawford,WAKE,ACC,33,33,31.8,25.0,117.6,109.7,0.578,0.508,44.6,40.4,1.2,12.3,6.3,0.32,0.03,0.01,0.14
17,Grayson,Allen,DUKE,ACC,34,25,29.6,25.0,115.1,104.3,0.5760000000000001,0.508,44.5,62.2,2.7,11.3,6.7,0.22,0.02,0.0,0.15
18,Ky,Bowman,BC,ACC,32,29,28.8,24.9,105.5,107.6,0.615,0.588,32.0,42.5,3.1,16.6,8.9,0.21,0.02,0.01,0.2
19,Donovan,Mitchell,LOU,ACC,34,33,32.3,24.6,114.1,93.7,0.5379999999999999,0.498,24.3,50.9,3.7,12.9,7.7,0.16,0.04,0.02,0.1
20,London,Perrantes,UVA,ACC,34,34,32.1,24.1,109.7,96.7,0.5479999999999999,0.506,25.8,49.3,1.3,10.6,5.5,0.25,0.02,0.0,0.13
21,Luke,Kennard,DUKE,ACC,37,36,35.5,24.0,128.9,103.8,0.636,0.579,38.6,41.4,3.9,12.1,7.6,0.14,0.01,0.01,0.09
22,Seth,Allen,VT,ACC,32,5,28.9,23.4,110.5,109.9,0.654,0.626,35.6,42.0,1.1,8.1,4.5,0.23,0.02,0.0,0.22
23,Marcquise,Reed,CLEM,ACC,33,0,21.5,23.3,116.6,104.7,0.58,0.49200000000000005,44.7,34.6,2.6,10.0,5.7,0.17,0.04,0.0,0.12
24,Andrew,White III,SYR,ACC,34,34,37.2,23.0,117.5,105.4,0.612,0.565,31.3,61.6,2.6,11.2,6.5,0.06,0.03,0.01,0.1
25,Kennedy,Meeks,UNC,ACC,40,40,24.3,22.6,122.7,92.0,0.5770000000000001,0.555,38.5,0.0,16.5,25.1,19.1,0.08,0.02,0.05,0.1
26,Kyle,Guy,UVA,ACC,34,6,18.6,22.3,114.2,97.0,0.581,0.563,17.1,50.2,1.0,10.4,5.3,0.15,0.01,0.0,0.09
27,Joel,Berry II,UNC,ACC,38,37,30.4,22.1,117.9,99.7,0.573,0.529,32.1,53.9,1.5,9.5,5.0,0.2,0.03,0.01,0.13
28,Davon,Reed,MIA,ACC,33,33,35.3,22.1,113.7,99.8,0.585,0.539,29.0,53.5,2.9,13.1,7.4,0.14,0.02,0.02,0.14
29,Matt,Farrell,ND,ACC,36,36,34.4,22.0,113.0,106.7,0.59,0.5529999999999999,26.6,50.3,0.9,5.8,3.1,0.29,0.03,0.0,0.18
30,V.J.,Beachem,ND,ACC,36,36,34.2,21.9,107.6,104.7,0.5489999999999999,0.52,16.5,54.4,2.2,11.4,6.4,0.05,0.02,0.03,0.08
31,Isaiah,Hicks,UNC,ACC,39,39,23.3,21.6,121.1,98.6,0.63,0.5760000000000001,48.0,0.0,8.4,16.8,11.5,0.11,0.01,0.04,0.15
32,Shelton,Mitchell,CLEM,ACC,29,27,27.0,21.5,111.1,110.7,0.581,0.522,41.0,27.9,1.6,8.6,4.7,0.25,0.02,0.0,0.18
33,Quentin,Snider,LOU,ACC,28,28,31.3,21.4,113.6,103.2,0.515,0.478,27.2,49.8,2.8,6.7,4.4,0.23,0.01,0.0,0.11
34,Abdul-Malik,Abu,NCST,ACC,32,31,28.5,21.3,106.5,110.0,0.5670000000000001,0.529,34.3,1.4,9.1,17.9,12.5,0.07,0.01,0.03,0.16
35,Frank,Jackson,DUKE,ACC,36,16,24.9,21.0,117.6,105.9,0.605,0.564,36.3,45.9,3.1,8.2,5.4,0.13,0.01,0.0,0.13
36,Frank,Howard,SYR,ACC,33,14,16.2,21.0,96.8,103.2,0.45899999999999996,0.41700000000000004,38.1,41.0,4.0,7.6,5.3,0.4,0.04,0.01,0.26
37,Deng,Adel,LOU,ACC,33,30,30.1,21.0,111.4,99.2,0.532,0.488,28.7,38.0,2.6,13.8,7.6,0.13,0.01,0.01,0.11
38,Ben,Lammers,GT,ACC,37,37,35.4,20.9,110.9,91.1,0.556,0.517,32.0,0.5,9.9,18.7,13.4,0.13,0.02,0.1,0.12
39,Bruce,Brown,MIA,ACC,33,29,31.9,20.7,112.5,97.2,0.5660000000000001,0.515,41.4,32.5,5.6,15.3,9.6,0.21,0.03,0.02,0.16
40,Terry,Henderson,NCST,ACC,32,32,30.9,20.6,114.9,113.9,0.602,0.557,37.3,64.6,2.6,8.3,5.1,0.09,0.01,0.02,0.12
41,Xavier,Rathan-Mayes,FSU,ACC,35,35,27.7,20.3,110.5,103.9,0.532,0.52,39.5,41.9,2.6,10.0,5.9,0.29,0.02,0.0,0.16
42,Jonathan,Isaac,FSU,ACC,32,32,26.2,20.3,120.5,93.2,0.622,0.568,46.1,34.8,7.7,25.0,15.3,0.08,0.03,0.06,0.14
43,Steve,Vasturia,ND,ACC,36,36,34.6,20.0,114.2,105.6,0.5660000000000001,0.511,26.7,43.3,2.4,10.6,6.1,0.18,0.02,0.0,0.12
44,Chris,Clarke,VT,ACC,24,19,28.9,19.9,119.7,101.5,0.637,0.597,69.1,7.9,6.6,22.6,14.1,0.22,0.03,0.01,0.19
45,Devon,Hall,UVA,ACC,34,34,27.4,19.4,105.8,94.3,0.517,0.473,27.3,35.1,3.1,17.3,9.4,0.14,0.01,0.01,0.11
46,Torin,Dorn,NCST,ACC,32,18,24.0,19.4,108.0,111.9,0.581,0.5529999999999999,34.2,28.9,4.4,16.5,9.8,0.07,0.01,0.01,0.14
47,Keyshawn,Woods,WAKE,ACC,33,22,30.5,19.3,118.2,113.6,0.605,0.575,26.9,36.7,2.7,13.0,7.3,0.21,0.01,0.0,0.14
48,Mangok,Mathiang,LOU,ACC,33,19,20.8,19.3,115.2,94.0,0.564,0.531,38.8,0.0,13.7,18.2,14.8,0.06,0.02,0.06,0.14
49,Maverick,Rowan,NCST,ACC,25,17,29.9,19.3,109.8,114.0,0.565,0.536,16.2,59.5,3.3,10.1,6.3,0.05,0.01,0.01,0.1
50,Justin,Robinson,VT,ACC,33,33,31.5,19.2,109.2,110.1,0.568,0.494,55.4,45.0,2.0,9.0,5.4,0.27,0.01,0.01,0.21
51,Darius,Thompson,UVA,ACC,33,15,20.8,19.1,105.9,93.5,0.539,0.523,25.0,43.0,1.1,8.9,4.6,0.22,0.03,0.02,0.15
52,Quinton,Stephens,GT,ACC,37,37,33.3,19.0,95.0,94.0,0.495,0.461,26.8,54.8,4.7,20.0,11.8,0.13,0.02,0.02,0.16
53,Ahmed,Hill,VT,ACC,33,28,29.7,18.9,111.6,111.0,0.59,0.5529999999999999,34.4,57.2,1.3,11.1,6.1,0.08,0.01,0.01,0.1
54,Dinos,Mitoglou,WAKE,ACC,33,32,24.6,18.9,109.0,108.7,0.556,0.486,45.7,39.4,8.5,19.9,13.1,0.06,0.01,0.03,0.16
55,John,Gillon,SYR,ACC,34,23,29.9,18.9,117.4,108.2,0.588,0.516,42.2,50.4,1.5,5.4,3.2,0.33,0.03,0.0,0.19
56,Dewan,Huell,MIA,ACC,32,15,17.4,18.8,106.2,100.2,0.5579999999999999,0.531,35.2,1.4,9.8,11.3,9.6,0.02,0.02,0.05,0.15
57,Dejan,Vasiljevic,MIA,ACC,33,0,17.5,18.7,107.9,105.2,0.516,0.49700000000000005,11.0,80.2,1.1,7.9,4.1,0.05,0.01,0.0,0.06
58,Jaylen,Johnson,LOU,ACC,34,26,20.5,18.6,118.4,96.6,0.62,0.6,48.9,3.9,14.4,16.7,14.5,0.05,0.01,0.03,0.17
59,Gabe,DeVoe,CLEM,ACC,33,7,24.0,18.5,96.3,106.5,0.485,0.474,13.2,58.6,3.2,10.6,6.3,0.14,0.03,0.01,0.16
60,Tyus,Battle,SYR,ACC,34,25,30.7,18.2,114.2,108.1,0.58,0.536,30.4,56.0,1.3,6.4,3.6,0.11,0.03,0.01,0.11
61,Brandon,Childress,WAKE,ACC,33,0,21.5,17.9,100.0,112.0,0.509,0.43200000000000005,47.5,43.5,1.0,10.3,5.3,0.16,0.02,0.0,0.18
62,Avry,Holmes,CLEM,ACC,33,33,26.8,17.9,122.0,109.0,0.601,0.5539999999999999,32.7,62.9,2.1,8.4,4.8,0.09,0.02,0.0,0.09
63,Tyler,Lydon,SYR,ACC,34,34,36.1,17.9,119.7,101.8,0.605,0.55,36.4,38.9,7.7,19.2,12.4,0.11,0.02,0.05,0.14
64,Trent,Forrest,FSU,ACC,35,0,15.4,17.3,108.1,96.8,0.534,0.47700000000000004,55.0,6.2,6.7,12.6,8.9,0.16,0.05,0.01,0.18
65,Amile,Jefferson,DUKE,ACC,35,35,29.7,16.9,125.1,96.9,0.635,0.613,60.1,0.0,9.7,22.0,15.1,0.09,0.01,0.06,0.14
66,Cameron,Johnson,PITT,ACC,33,33,33.3,16.9,121.2,110.0,0.619,0.585,26.1,66.2,2.5,12.8,7.2,0.14,0.02,0.01,0.11
67,Justin,Moore,GT,ACC,34,18,18.8,16.8,86.9,102.5,0.46399999999999997,0.442,37.2,7.3,2.8,7.5,4.8,0.24,0.01,0.01,0.24
68,Sheldon,Jeter,PITT,ACC,33,33,28.9,16.6,107.2,105.6,0.53,0.489,32.6,34.4,10.0,18.8,13.4,0.11,0.02,0.04,0.17
69,Mo,Jeffers,BC,ACC,32,31,20.3,16.5,94.5,107.4,0.511,0.493,35.3,0.0,10.7,21.1,14.6,0.05,0.01,0.03,0.21
70,Jordan,Chatman,BC,ACC,32,7,24.8,16.4,109.6,111.4,0.6,0.5579999999999999,22.1,66.8,1.7,8.4,4.6,0.08,0.01,0.01,0.14
71,Donte,Grantham,CLEM,ACC,33,32,27.8,16.1,100.8,107.4,0.485,0.46399999999999997,13.2,49.8,5.2,13.1,8.4,0.1,0.02,0.03,0.14
72,Ray,Spalding,LOU,ACC,34,8,19.2,16.0,110.4,92.2,0.596,0.59,57.5,2.2,11.0,20.8,14.8,0.07,0.02,0.05,0.2
73,Austin,Arians,WAKE,ACC,33,33,22.8,15.4,127.8,114.9,0.649,0.619,18.4,71.1,2.5,6.9,4.3,0.09,0.01,0.0,0.09
74,Sidy,Djitte,CLEM,ACC,32,24,23.5,15.4,115.5,102.9,0.589,0.5329999999999999,69.1,1.5,17.6,20.6,17.6,0.05,0.02,0.04,0.22
75,Justin,Bibbs,VT,ACC,33,33,31.3,15.3,108.7,111.9,0.562,0.542,15.9,61.5,1.5,8.7,5.0,0.09,0.01,0.0,0.11
76,Anas,Mahmoud,LOU,ACC,31,15,18.7,15.3,111.2,89.4,0.607,0.623,42.6,0.0,9.1,14.5,11.0,0.08,0.03,0.13,0.2
77,Jr.,Lawrence,MIA,ACC,33,18,26.0,15.3,106.2,97.7,0.5589999999999999,0.517,35.8,57.2,3.8,13.2,7.8,0.13,0.03,0.02,0.19
78,Terance,Mann,FSU,ACC,35,34,25.0,15.2,122.1,102.3,0.62,0.593,44.9,11.6,8.6,11.5,9.3,0.11,0.02,0.01,0.15
79,Isaiah,Wilkins,UVA,ACC,33,28,26.5,14.8,119.5,88.1,0.599,0.568,35.2,4.3,11.7,17.4,13.3,0.08,0.03,0.07,0.15
80,Ty,Outlaw,VT,ACC,33,14,17.7,14.8,124.1,107.3,0.688,0.682,6.8,80.1,2.2,15.9,8.9,0.03,0.01,0.02,0.09
81,Connar,Tava,BC,ACC,32,27,25.3,14.7,95.6,108.0,0.552,0.5,58.8,22.8,6.4,18.6,11.4,0.14,0.02,0.01,0.29
82,Kamari,Murphy,MIA,ACC,33,33,29.4,14.7,102.4,99.6,0.5329999999999999,0.508,36.5,0.5,9.9,19.5,13.5,0.04,0.01,0.03,0.19
83,Tyler,Roberson,SYR,ACC,34,6,20.4,14.6,107.7,103.4,0.557,0.5660000000000001,41.2,0.0,11.0,16.3,12.5,0.08,0.02,0.05,0.19
84,Nate,Britt,UNC,ACC,40,7,19.0,14.1,103.5,99.0,0.45899999999999996,0.425,20.4,43.1,1.5,8.8,4.7,0.18,0.03,0.0,0.16
85,A.J.,Turner,BC,ACC,32,28,30.8,14.0,112.3,111.9,0.547,0.531,17.5,57.2,2.3,10.1,5.6,0.17,0.01,0.01,0.12
86,Mitchell,Wilbekin,WAKE,ACC,32,10,24.8,13.7,115.4,114.3,0.5529999999999999,0.489,31.6,65.5,0.7,6.0,3.1,0.1,0.02,0.0,0.09
87,Josh,Heath,GT,ACC,33,24,30.7,13.6,85.2,100.6,0.467,0.429,26.0,25.4,1.5,7.6,4.3,0.26,0.02,0.01,0.31
88,Kenny,Williams,UNC,ACC,26,22,23.7,13.5,112.6,100.5,0.532,0.514,21.6,57.6,5.8,9.1,6.9,0.14,0.02,0.01,0.17
89,Markell,Johnson,NCST,ACC,30,3,20.4,13.2,95.0,112.4,0.446,0.426,21.3,39.3,2.9,5.9,4.1,0.18,0.02,0.02,0.19
90,Chris,Jones,PITT,ACC,32,31,32.1,13.1,103.6,113.4,0.565,0.509,59.0,24.8,2.3,8.4,5.0,0.13,0.01,0.01,0.21
91,Jack,Salt,UVA,ACC,34,34,18.4,12.5,111.9,91.9,0.5589999999999999,0.5589999999999999,48.4,0.0,11.1,17.2,12.9,0.04,0.01,0.05,0.16
92,Matt,Jones,DUKE,ACC,37,33,32.9,12.0,108.9,103.0,0.519,0.504,10.9,61.3,3.7,6.0,4.6,0.1,0.03,0.01,0.14
93,Rex,Pflueger,ND,ACC,35,11,21.4,11.9,112.9,103.3,0.563,0.545,21.8,51.1,2.8,11.9,6.9,0.12,0.03,0.02,0.14
94,Corey,Heyward,GT,ACC,37,24,16.8,8.4,93.0,101.0,0.428,0.371,45.7,47.1,3.2,8.5,5.5,0.11,0.02,0.0,0.18
95,Jawun,Evans,OKST,Big 12,32,32,29.2,32.7,116.8,107.8,0.541,0.475,39.6,19.7,2.9,10.9,6.2,0.44,0.03,0.01,0.14
96,Johnathan,Motley,BAYLOR,Big 12,34,34,30.5,30.4,112.2,95.9,0.5720000000000001,0.531,42.2,7.6,15.3,22.9,17.5,0.17,0.01,0.04,0.16
97,Deonte,Burton,IOWAST,Big 12,35,35,29.5,28.2,100.1,95.0,0.531,0.503,26.3,25.2,4.4,18.6,11.0,0.11,0.03,0.05,0.14
98,Josh,Jackson,KAN,Big 12,35,35,30.8,27.1,109.7,95.6,0.5660000000000001,0.552,40.3,21.0,8.7,17.4,12.3,0.18,0.03,0.04,0.16
99,Jordan,Woodard,OU,Big 12,20,19,29.5,27.0,102.9,100.4,0.525,0.46299999999999997,31.6,43.0,2.6,14.3,7.7,0.22,0.04,0.0,0.15
100,Keenan,Evans,TEXTCH,Big 12,31,30,30.4,25.6,118.9,102.9,0.597,0.5379999999999999,36.7,34.4,3.2,8.7,5.6,0.21,0.02,0.01,0.12
101,Vladimir,Brodziansky,TCU,Big 12,39,30,23.9,25.5,125.8,99.4,0.631,0.579,46.9,8.3,10.8,17.1,13.0,0.06,0.01,0.09,0.09
102,Frank,Mason III,KAN,Big 12,36,36,36.1,25.5,126.9,102.9,0.631,0.573,48.4,35.4,2.0,10.4,5.9,0.26,0.02,0.0,0.13
103,Esa,Ahmad,WVU,Big 12,34,32,23.8,23.9,107.5,93.8,0.563,0.507,60.2,14.1,8.2,12.6,9.4,0.13,0.02,0.03,0.18
104,Jeffrey,Carroll,OKST,Big 12,33,21,29.1,23.6,131.4,108.8,0.662,0.617,40.7,36.0,7.4,18.9,11.9,0.08,0.02,0.01,0.11
105,Andrew,Jones,TEXAS,Big 12,33,23,27.9,23.5,102.8,100.1,0.5529999999999999,0.498,38.0,44.9,1.9,14.0,7.4,0.27,0.03,0.02,0.19
106,Kameron,McGusty,OU,Big 12,31,17,24.9,23.1,100.1,107.1,0.529,0.495,21.6,37.1,1.7,7.8,4.3,0.08,0.02,0.01,0.13
107,Monte,Morris,IOWAST,Big 12,35,35,35.3,22.7,125.0,102.6,0.56,0.523,23.9,30.8,3.7,11.3,7.1,0.32,0.03,0.01,0.08
108,Jarrett,Allen,TEXAS,Big 12,33,33,32.1,22.5,104.2,99.7,0.579,0.5660000000000001,47.2,2.2,11.0,18.9,13.8,0.06,0.01,0.05,0.18
109,Christian,James,OU,Big 12,31,14,22.0,22.5,88.9,104.6,0.48,0.435,31.8,41.7,4.1,14.1,8.3,0.1,0.02,0.0,0.19
110,Kamau,Stokes,K-STATE,Big 12,35,35,33.3,22.3,98.4,104.9,0.516,0.451,41.5,52.2,1.6,7.6,4.4,0.24,0.02,0.0,0.2
111,Wesley,Iwundu,K-STATE,Big 12,35,35,31.4,22.1,112.4,99.1,0.594,0.532,50.6,27.1,4.1,20.0,11.4,0.23,0.02,0.01,0.17
112,Niem,Stevenson,TEXTCH,Big 12,30,8,21.7,22.0,110.7,100.2,0.539,0.51,41.9,35.5,4.4,18.7,10.9,0.15,0.02,0.01,0.1
113,Anthony,Livingston,TEXTCH,Big 12,32,29,23.6,22.0,112.2,103.8,0.56,0.535,20.5,53.3,3.6,16.3,9.4,0.1,0.01,0.01,0.09
114,Kerwin,Roach Jr.,TEXAS,Big 12,32,31,30.0,21.7,93.6,100.2,0.489,0.43799999999999994,51.1,28.0,2.7,11.9,6.8,0.24,0.03,0.01,0.2
115,JD,Miller,TCU,Big 12,37,36,18.8,21.7,100.6,102.5,0.508,0.49,23.4,42.3,5.1,15.1,9.4,0.1,0.02,0.02,0.13
116,Zach,Smith,TEXTCH,Big 12,31,30,31.5,21.4,110.0,99.4,0.5670000000000001,0.537,38.0,15.1,10.7,18.7,13.8,0.09,0.01,0.06,0.15
117,Alex,Robinson,TCU,Big 12,39,31,32.9,21.3,101.5,102.6,0.49700000000000005,0.469,28.6,29.9,1.7,9.5,5.2,0.32,0.03,0.02,0.2
118,Barry,Brown,K-STATE,Big 12,35,35,32.7,21.2,99.2,98.6,0.503,0.475,33.1,38.1,1.9,9.8,5.5,0.15,0.04,0.0,0.13
119,Manu,Lecomte,BAYLOR,Big 12,33,32,30.1,21.0,117.3,103.3,0.588,0.5429999999999999,29.0,57.4,0.9,6.2,3.3,0.24,0.02,0.0,0.16
120,Nazareth,Mitrou-Long,IOWAST,Big 12,35,35,33.3,21.0,118.1,103.0,0.623,0.598,19.9,65.2,2.4,12.6,7.2,0.14,0.02,0.0,0.12
121,Jaylen,Fisher,TCU,Big 12,35,34,29.5,20.8,97.4,105.8,0.518,0.48,25.7,47.3,1.5,6.2,3.6,0.24,0.02,0.01,0.22
122,Al,Freeman,BAYLOR,Big 12,31,22,23.9,20.7,113.2,103.5,0.5920000000000001,0.53,40.5,52.6,3.2,8.9,5.6,0.09,0.01,0.0,0.16
123,Darrell,Bowie,IOWAST,Big 12,33,9,17.0,20.6,96.4,99.0,0.5,0.503,42.5,9.4,9.6,16.7,12.4,0.07,0.02,0.03,0.17
124,D.J.,Johnson,K-STATE,Big 12,34,33,26.0,20.4,118.6,98.6,0.657,0.623,55.1,0.0,10.5,16.0,12.4,0.04,0.02,0.07,0.15
125,Xavier,Sneed,K-STATE,Big 12,35,2,18.3,20.3,108.2,99.9,0.5770000000000001,0.5329999999999999,40.1,61.5,5.7,11.3,8.0,0.07,0.03,0.01,0.14
126,Kristian,Doolittle,OU,Big 12,31,25,25.0,20.1,104.0,103.1,0.521,0.43200000000000005,50.2,19.5,8.6,18.5,12.4,0.09,0.02,0.01,0.16
127,Aaron,Ross,TEXTCH,Big 12,27,9,22.3,20.0,120.0,104.0,0.603,0.53,45.2,47.6,3.5,12.7,7.6,0.11,0.01,0.0,0.11
128,Tarik,Phillip,WVU,Big 12,37,15,24.3,20.0,111.1,91.0,0.537,0.474,47.8,35.2,2.7,11.2,6.2,0.21,0.04,0.02,0.15
129,Rashard,Odomes,OU,Big 12,30,30,26.8,20.0,106.1,104.6,0.5329999999999999,0.489,57.5,4.0,5.9,12.0,8.2,0.14,0.02,0.01,0.14
130,Daxter,Miles Jr.,WVU,Big 12,33,26,21.0,19.9,116.6,93.6,0.544,0.528,29.2,49.6,6.3,6.9,6.1,0.14,0.04,0.01,0.09
131,Jevon,Carter,WVU,Big 12,37,36,32.0,19.8,118.3,89.0,0.578,0.534,32.8,48.9,3.4,14.9,8.1,0.21,0.04,0.01,0.13
132,Shaquille,Cleare,TEXAS,Big 12,33,33,21.5,19.2,108.6,102.7,0.585,0.555,30.0,0.5,8.2,16.1,11.3,0.05,0.01,0.03,0.15
133,Elijah,Macon,WVU,Big 12,35,27,16.0,18.3,116.1,94.2,0.58,0.5529999999999999,44.0,0.0,11.2,18.7,13.5,0.07,0.01,0.03,0.13
134,Eric,Davis Jr.,TEXAS,Big 12,33,22,26.7,18.2,85.3,105.7,0.428,0.401,19.0,58.3,1.3,9.1,4.8,0.07,0.01,0.0,0.13
135,Jo,Lual-Acuil Jr.,BAYLOR,Big 12,35,35,26.1,18.1,112.1,93.9,0.564,0.564,38.3,9.9,11.0,19.1,13.9,0.03,0.01,0.11,0.12
136,Devonte',Graham,KAN,Big 12,36,36,35.3,18.0,120.0,102.9,0.59,0.556,25.1,65.9,1.6,7.9,4.5,0.19,0.03,0.01,0.14
137,Khadeem,Lattin,OU,Big 12,31,31,23.8,17.8,110.3,95.8,0.575,0.516,54.9,0.0,10.8,17.8,13.1,0.04,0.03,0.1,0.16
138,Jacob,Young,TEXAS,Big 12,33,5,16.4,17.7,76.3,108.5,0.391,0.37,9.3,73.3,0.9,5.4,2.9,0.1,0.01,0.0,0.17
139,III,Forte,OKST,Big 12,33,32,31.1,17.6,130.0,112.5,0.619,0.562,27.8,64.6,2.5,7.2,4.3,0.08,0.02,0.0,0.09
140,Matt,Thomas,IOWAST,Big 12,35,35,30.9,17.3,123.1,104.4,0.6509999999999999,0.623,18.0,65.4,2.3,11.5,6.6,0.09,0.02,0.0,0.11
141,Leyton,Hammonds,OKST,Big 12,33,33,22.4,17.2,114.9,107.9,0.5589999999999999,0.521,21.6,49.5,6.8,18.8,11.5,0.05,0.02,0.02,0.13
142,Donovan,Jackson,IOWAST,Big 12,35,0,16.8,17.2,120.6,106.9,0.616,0.583,25.2,59.5,0.4,5.7,2.9,0.12,0.02,0.0,0.1
143,Kenrich,Williams,TCU,Big 12,37,36,32.7,16.9,124.0,97.2,0.5770000000000001,0.565,30.8,38.6,12.0,22.9,16.2,0.15,0.03,0.02,0.11
144,Sviatoslav,Mykhailiuk,KAN,Big 12,36,25,27.3,16.8,115.1,103.8,0.584,0.568,16.8,62.9,3.4,8.6,5.7,0.08,0.02,0.01,0.12
145,Nathan,Adrian,WVU,Big 12,37,37,30.3,16.7,113.8,93.5,0.522,0.478,35.3,36.9,9.2,13.4,10.3,0.16,0.02,0.02,0.15
146,Justin,Gray,TEXTCH,Big 12,32,27,28.9,16.5,114.7,98.7,0.584,0.547,33.5,12.7,7.4,16.2,11.1,0.11,0.02,0.04,0.15
147,Dean,Wade,K-STATE,Big 12,35,35,28.0,16.2,121.6,102.4,0.601,0.578,33.9,41.1,7.3,12.2,9.1,0.13,0.02,0.03,0.11
148,Desmond,Bane,TCU,Big 12,39,13,20.7,16.2,115.1,105.6,0.622,0.591,28.3,39.9,4.0,12.5,7.6,0.09,0.01,0.01,0.15
149,Kendal,Yancy,TEXAS,Big 12,29,7,18.6,16.0,104.1,103.0,0.528,0.49200000000000005,37.3,36.5,5.8,7.7,6.2,0.06,0.03,0.01,0.13
150,Lagerald,Vick,KAN,Big 12,36,6,24.4,15.4,109.3,103.3,0.556,0.521,21.0,42.0,4.8,11.0,7.5,0.06,0.01,0.02,0.14
151,Brandon,Parrish,TCU,Big 12,39,3,18.7,15.3,114.8,104.6,0.5660000000000001,0.557,14.0,68.9,3.8,12.5,7.6,0.05,0.01,0.01,0.08
152,Landen,Lucas,KAN,Big 12,35,30,25.6,15.1,117.1,97.7,0.645,0.631,47.5,0.0,13.7,21.8,16.7,0.07,0.01,0.04,0.22
153,Jordan,Shepherd,OU,Big 12,28,4,17.0,15.0,97.5,106.8,0.49700000000000005,0.43700000000000006,36.9,45.6,0.9,6.7,3.5,0.17,0.02,0.01,0.18
154,Jamuni,McNeace,OU,Big 12,31,0,15.5,14.7,105.2,101.0,0.562,0.5529999999999999,41.7,1.0,8.5,17.3,11.8,0.02,0.01,0.09,0.16
155,Mitchell,Solomon,OKST,Big 12,33,22,20.1,13.7,120.8,108.8,0.5770000000000001,0.496,61.0,3.3,17.2,13.1,13.9,0.07,0.01,0.06,0.2
156,Nick,Weiler-Babb,IOWAST,Big 12,35,0,16.5,13.5,113.3,100.1,0.53,0.48700000000000004,36.3,23.0,5.4,15.4,9.9,0.15,0.03,0.01,0.15
157,Cameron,McGriff,OKST,Big 12,32,1,15.7,13.1,105.7,109.4,0.563,0.446,100.0,28.4,8.4,14.1,10.2,0.06,0.02,0.02,0.25
158,Ishmail,Wainright,BAYLOR,Big 12,35,35,29.4,12.3,107.7,95.4,0.51,0.483,23.8,51.7,6.6,13.8,9.4,0.18,0.04,0.01,0.23
159,Jake,Lindsey,BAYLOR,Big 12,35,4,22.6,12.0,115.6,102.1,0.556,0.53,23.3,39.1,2.7,8.8,5.3,0.24,0.01,0.02,0.21
160,Devon,Thomas,TEXTCH,Big 12,32,19,22.9,11.9,109.6,101.1,0.532,0.504,28.4,22.4,2.9,9.8,5.9,0.21,0.03,0.01,0.2
161,Nick,Ward,MSU,Big Ten,35,21,19.8,33.5,113.8,95.9,0.615,0.5920000000000001,65.4,0.0,17.5,20.2,17.6,0.05,0.01,0.08,0.13
162,Isaac,Haas,PUR,Big Ten,35,15,19.5,31.4,109.6,96.6,0.635,0.5870000000000001,63.8,0.0,11.5,18.0,13.9,0.06,0.01,0.04,0.18
163,Peter,Jok,IOWA,Big Ten,32,32,30.7,30.2,113.1,104.9,0.5870000000000001,0.516,36.2,47.3,3.3,15.6,8.9,0.18,0.02,0.0,0.13
164,Melo,Trimble,MD,Big Ten,33,33,32.1,28.4,106.4,101.9,0.5670000000000001,0.506,42.4,44.3,1.0,11.4,5.9,0.25,0.02,0.01,0.17
165,Corey,Sanders,RUTG,Big Ten,33,31,30.4,28.0,89.4,100.8,0.439,0.406,29.0,18.5,1.8,10.0,5.2,0.24,0.03,0.02,0.16
166,Caleb,Swanigan,PUR,Big Ten,35,35,32.5,28.0,115.2,92.3,0.629,0.5720000000000001,49.9,20.2,10.7,32.7,20.9,0.19,0.01,0.03,0.19
167,Tai,Webster,NEB,Big Ten,31,31,34.7,27.6,102.0,104.9,0.521,0.467,37.7,31.3,3.2,13.3,7.4,0.25,0.02,0.0,0.17
168,Miles,Bridges,MSU,Big Ten,28,27,32.0,27.1,107.1,96.3,0.585,0.563,25.3,39.6,5.7,23.0,14.0,0.15,0.01,0.05,0.14
169,Bryant,McIntosh,NU,Big Ten,36,36,34.2,26.9,100.3,103.8,0.494,0.446,21.9,27.8,0.8,8.0,4.1,0.32,0.01,0.0,0.15
170,Carsen,Edwards,PUR,Big Ten,35,21,23.3,26.7,94.1,97.8,0.49,0.455,22.1,43.0,2.2,10.4,6.1,0.14,0.03,0.0,0.15
171,Ethan,Happ,WIS,Big Ten,37,37,27.8,26.7,115.1,86.1,0.583,0.586,43.5,0.0,13.3,25.4,17.7,0.23,0.04,0.05,0.15
172,Lamar,Stevens,PSU,Big Ten,33,33,27.8,26.1,97.7,100.6,0.512,0.445,42.3,9.3,6.4,15.6,10.1,0.13,0.02,0.02,0.15
173,Malcolm,Hill,ILL,Big Ten,35,35,33.3,25.8,115.4,100.1,0.575,0.509,46.9,42.1,3.5,14.8,8.5,0.18,0.02,0.01,0.11
174,Eron,Harris,MSU,Big Ten,28,24,22.1,25.5,102.1,103.9,0.5589999999999999,0.524,24.8,47.4,2.8,11.7,7.1,0.16,0.01,0.01,0.15
175,Tyler,Cook,IOWA,Big Ten,27,26,24.5,25.2,102.0,105.5,0.581,0.5579999999999999,52.8,3.5,8.7,14.3,10.8,0.08,0.02,0.02,0.19
176,Moritz,Wagner,MICH,Big Ten,38,38,23.9,25.0,118.9,101.1,0.6609999999999999,0.635,35.3,38.0,7.6,15.2,10.7,0.05,0.03,0.02,0.14
177,Nate,Mason,MINN,Big Ten,34,34,34.5,24.8,105.7,100.0,0.499,0.436,34.7,33.3,2.0,8.8,5.0,0.29,0.02,0.0,0.11
178,Nigel,Johnson,RUTG,Big Ten,32,13,26.2,24.7,102.4,100.6,0.483,0.441,30.1,37.0,1.7,12.2,6.2,0.17,0.03,0.0,0.11
179,James,Blackmon Jr.,IND,Big Ten,30,30,30.5,24.6,122.5,106.9,0.634,0.601,23.6,58.9,3.9,13.8,8.4,0.12,0.01,0.0,0.13
180,Scottie,Lindsey,NU,Big Ten,32,32,30.6,24.6,108.2,100.3,0.539,0.5,21.1,46.9,2.0,11.7,6.3,0.16,0.02,0.01,0.1
181,Nigel,Hayes,WIS,Big Ten,37,37,32.4,24.3,111.4,97.6,0.522,0.485,58.4,17.8,8.0,16.5,11.2,0.17,0.02,0.01,0.11
182,Tony,Carr,PSU,Big Ten,33,33,32.8,24.2,97.3,103.4,0.49200000000000005,0.42100000000000004,42.0,27.5,2.2,14.0,7.4,0.27,0.01,0.01,0.16
183,Bronson,Koenig,WIS,Big Ten,36,35,31.4,23.6,114.8,101.6,0.568,0.5379999999999999,14.6,60.6,0.6,7.6,3.7,0.13,0.01,0.01,0.1
184,Jae'Sean,Tate,OSU,Big Ten,32,32,31.9,23.5,108.0,100.2,0.574,0.5589999999999999,45.0,10.8,7.1,14.8,10.3,0.14,0.02,0.02,0.15
185,Leron,Black,ILL,Big Ten,31,27,20.2,23.0,100.7,97.8,0.511,0.478,24.2,16.6,10.3,26.6,17.3,0.04,0.01,0.01,0.13
186,Derrick,Walton Jr.,MICH,Big Ten,38,38,34.8,22.8,127.8,103.5,0.631,0.561,43.4,59.2,1.7,16.1,8.5,0.27,0.02,0.0,0.12
187,Robert,Johnson,IND,Big Ten,34,32,29.4,22.6,106.8,105.5,0.565,0.546,14.7,52.4,1.5,15.0,8.0,0.16,0.02,0.0,0.17
188,Deshawn,Freeman,RUTG,Big Ten,33,31,27.0,22.6,103.5,95.9,0.53,0.493,48.2,5.6,10.9,20.3,14.1,0.07,0.02,0.04,0.16
189,Zak,Irvin,MICH,Big Ten,38,38,35.4,22.5,105.1,105.2,0.534,0.516,17.7,36.5,2.3,14.3,7.9,0.17,0.02,0.0,0.13
190,Ed,Morrow,NEB,Big Ten,24,18,23.4,22.2,100.9,102.3,0.54,0.514,37.4,0.0,14.2,21.0,16.1,0.03,0.01,0.05,0.18
191,Trevor,Thompson,OSU,Big Ten,32,20,23.0,22.1,118.6,92.5,0.62,0.5710000000000001,57.1,0.0,13.7,29.6,20.5,0.04,0.01,0.08,0.14
192,Thomas,Bryant,IND,Big Ten,34,34,28.1,21.9,114.1,101.6,0.61,0.56,51.9,21.1,9.7,17.2,12.7,0.1,0.02,0.06,0.18
193,Jordan,Murphy,MINN,Big Ten,34,34,27.5,21.7,105.1,92.4,0.544,0.509,51.6,11.1,9.6,23.5,15.2,0.06,0.01,0.04,0.14
194,JaQuan,Lyle,OSU,Big Ten,31,23,29.3,21.7,107.7,103.0,0.5660000000000001,0.521,40.5,30.7,1.3,10.2,5.6,0.31,0.02,0.0,0.19
195,Vincent,Edwards,PUR,Big Ten,35,27,28.6,21.5,120.4,99.5,0.598,0.5579999999999999,27.1,33.7,8.4,11.7,9.4,0.21,0.01,0.02,0.14
196,Glynn,Watson Jr.,NEB,Big Ten,31,29,31.6,21.4,108.9,104.8,0.529,0.48700000000000004,24.3,35.1,1.7,9.0,4.8,0.17,0.03,0.0,0.11
197,Cordell,Pemsl,IOWA,Big Ten,34,14,19.3,21.4,112.1,101.7,0.625,0.617,63.8,0.5,10.1,17.4,12.9,0.11,0.02,0.04,0.18
198,Vic,Law,NU,Big Ten,36,36,32.1,21.4,105.5,97.8,0.529,0.484,33.4,40.5,4.6,15.5,9.2,0.11,0.02,0.02,0.12
199,Isaiah,Moss,IOWA,Big Ten,34,28,17.1,20.9,94.7,107.3,0.505,0.483,15.2,39.7,1.7,8.4,4.7,0.09,0.02,0.02,0.14
200,Maverick,Morgan,ILL,Big Ten,35,25,25.6,20.7,105.0,102.6,0.5670000000000001,0.54,35.1,0.0,8.0,12.8,9.8,0.07,0.01,0.04,0.16
201,Cassius,Winston,MSU,Big Ten,35,5,20.7,20.6,106.6,102.8,0.5529999999999999,0.49700000000000005,39.0,39.0,1.0,8.6,4.8,0.47,0.02,0.01,0.27
202,Akeem,Springs,MINN,Big Ten,32,14,24.1,20.6,103.8,101.0,0.525,0.506,17.5,65.3,2.4,10.3,5.9,0.11,0.01,0.01,0.09
203,Shep,Garner,PSU,Big Ten,33,29,32.1,20.6,98.8,103.7,0.523,0.496,17.9,65.5,1.3,8.4,4.5,0.15,0.02,0.0,0.14
204,Marc,Loving,OSU,Big Ten,32,32,33.9,20.5,99.5,104.1,0.565,0.515,40.7,51.5,3.6,11.4,7.1,0.1,0.01,0.02,0.2
205,Payton,Banks,PSU,Big Ten,32,13,26.7,20.3,102.4,106.4,0.521,0.485,20.4,68.7,1.5,7.7,4.2,0.07,0.01,0.01,0.09
206,Dupree,McBrayer,MINN,Big Ten,34,21,27.8,20.3,108.0,101.9,0.5579999999999999,0.509,39.3,30.9,1.0,6.3,3.4,0.2,0.02,0.01,0.13
207,Justin,Jackson,MD,Big Ten,33,30,27.8,20.2,107.1,98.3,0.561,0.524,36.0,39.3,7.4,16.9,11.3,0.07,0.02,0.03,0.15
208,Vitto,Brown,WIS,Big Ten,37,37,21.0,20.0,100.2,97.4,0.515,0.494,14.3,59.7,7.1,15.0,10.1,0.09,0.02,0.03,0.18
209,Anthony,Cowan,MD,Big Ten,33,33,29.0,19.9,109.9,100.8,0.5710000000000001,0.48,68.1,35.4,3.6,11.5,7.1,0.25,0.03,0.01,0.2
210,Mike,Williams,RUTG,Big Ten,33,12,26.2,19.4,109.6,101.0,0.504,0.469,24.1,48.6,8.4,12.4,9.4,0.09,0.02,0.01,0.1
211,Alvin,Ellis III,MSU,Big Ten,35,8,19.4,19.3,98.4,100.4,0.5489999999999999,0.514,31.7,62.8,4.1,13.7,8.6,0.12,0.02,0.02,0.19
212,Jordan,Bohannon,IOWA,Big Ten,34,28,29.6,19.2,110.6,109.5,0.5670000000000001,0.535,18.1,70.4,1.0,7.0,3.8,0.3,0.02,0.0,0.19
213,Mike,Watkins,PSU,Big Ten,33,24,23.8,19.1,115.1,91.0,0.613,0.59,45.2,0.0,11.3,26.2,17.2,0.06,0.02,0.12,0.14
214,Amir,Coffey,MINN,Big Ten,33,33,33.3,19.0,108.6,100.4,0.5670000000000001,0.503,50.0,32.5,2.3,9.5,5.5,0.18,0.02,0.0,0.15
215,Gavin,Skelly,NU,Big Ten,36,0,17.7,19.0,107.7,97.1,0.5770000000000001,0.523,44.5,38.7,9.2,13.8,10.4,0.14,0.01,0.08,0.2
216,Reggie,Lynch,MINN,Big Ten,33,33,23.2,18.9,105.6,90.1,0.575,0.5429999999999999,48.7,0.0,9.9,17.4,12.5,0.04,0.01,0.15,0.17
217,Tracy,Abrams,ILL,Big Ten,35,30,24.2,18.9,108.8,100.0,0.557,0.531,24.2,52.0,1.1,13.0,6.6,0.19,0.03,0.01,0.14
218,C.J.,Gettys,RUTG,Big Ten,33,33,22.0,18.6,106.3,100.0,0.57,0.544,32.3,0.0,9.4,16.4,11.6,0.12,0.01,0.04,0.19
219,Josh,Newkirk,IND,Big Ten,34,32,28.1,18.6,103.5,108.5,0.534,0.506,24.2,35.4,2.9,9.4,5.9,0.2,0.01,0.01,0.21
220,Duncan,Robinson,MICH,Big Ten,38,3,20.1,18.4,123.3,106.8,0.635,0.619,14.9,70.2,1.9,9.3,5.3,0.08,0.01,0.01,0.08
221,D'Mitrik,Trice,WIS,Big Ten,37,2,18.3,18.4,105.0,99.3,0.518,0.484,20.7,49.5,1.2,11.1,5.6,0.17,0.02,0.01,0.16
222,D.J.,Wilson,MICH,Big Ten,38,36,30.4,18.3,123.2,102.4,0.632,0.605,19.7,36.1,6.7,16.3,10.8,0.09,0.01,0.05,0.11
223,Jalen,Coleman-Lands,ILL,Big Ten,35,15,24.3,18.1,100.5,102.9,0.522,0.504,9.7,72.8,1.0,10.5,5.3,0.08,0.02,0.01,0.12
224,C.J.,Jackson,OSU,Big Ten,32,9,19.1,17.8,104.8,101.3,0.523,0.483,37.4,55.1,2.5,11.4,6.7,0.27,0.03,0.0,0.2
225,Damonte,Dodd,MD,Big Ten,26,24,19.5,17.5,108.6,100.3,0.585,0.581,70.5,0.0,16.2,9.5,11.8,0.04,0.01,0.11,0.21
226,Michael,Finke,ILL,Big Ten,32,8,19.8,17.3,113.0,102.5,0.593,0.59,18.0,52.3,9.1,16.0,11.7,0.07,0.01,0.01,0.14
227,Kam,Williams,OSU,Big Ten,32,29,30.7,17.0,100.6,106.2,0.513,0.48200000000000004,13.4,48.2,1.1,6.2,3.5,0.06,0.01,0.01,0.1
228,Kevin,Huerter,MD,Big Ten,33,33,29.4,16.9,110.1,98.9,0.556,0.544,10.6,66.3,2.7,16.0,8.8,0.18,0.02,0.02,0.14
229,Joshua,Langford,MSU,Big Ten,35,27,21.0,16.7,107.9,105.3,0.604,0.595,13.8,47.1,4.3,8.2,5.9,0.1,0.01,0.0,0.16
230,Josh,Reaves,PSU,Big Ten,28,23,27.1,16.7,97.2,96.0,0.532,0.5,26.5,32.6,5.3,11.0,7.5,0.15,0.05,0.03,0.21
231,Jack,McVeigh,NEB,Big Ten,30,11,22.9,16.7,108.5,107.7,0.526,0.49200000000000005,20.9,70.9,2.1,10.3,5.6,0.05,0.01,0.01,0.09
232,Ahmad,Wagner,IOWA,Big Ten,34,18,16.0,16.6,109.3,104.0,0.515,0.512,66.7,1.6,12.6,10.2,10.6,0.15,0.03,0.03,0.16
233,Jaylen,Brantley,MD,Big Ten,33,0,16.8,16.5,103.3,102.7,0.513,0.493,23.6,57.6,1.9,10.9,6.0,0.11,0.02,0.0,0.12
234,Eric,Curry,MINN,Big Ten,34,1,19.9,16.4,102.6,95.4,0.5,0.447,40.0,18.1,8.5,18.4,12.4,0.12,0.01,0.03,0.16
235,Muhammad-Ali,Abdur-Rahkman,MICH,Big Ten,38,37,30.6,16.2,117.1,106.2,0.584,0.544,31.3,42.9,3.1,8.7,5.5,0.12,0.02,0.0,0.12
236,Juwan,Morgan,IND,Big Ten,32,20,22.6,15.7,125.0,102.6,0.631,0.58,56.1,25.5,11.0,17.2,13.2,0.08,0.02,0.04,0.16
237,Te'Jon,Lucas,ILL,Big Ten,31,15,20.7,15.6,96.5,100.7,0.506,0.461,61.7,27.8,1.3,9.4,5.0,0.26,0.03,0.0,0.26
238,Michael,Jacobson,NEB,Big Ten,31,31,24.0,15.6,102.5,102.8,0.442,0.402,31.0,12.5,12.5,15.9,13.0,0.08,0.02,0.04,0.12
239,Matt,McQuaid,MSU,Big Ten,34,11,21.0,15.5,101.2,106.0,0.502,0.474,20.2,69.4,3.3,6.8,4.8,0.1,0.01,0.0,0.13
240,Nicholas,Baer,IOWA,Big Ten,34,10,23.8,14.7,121.9,98.7,0.573,0.562,21.7,57.1,9.3,16.7,12.2,0.13,0.03,0.05,0.11
241,Dakota,Mathias,PUR,Big Ten,35,35,31.8,14.5,121.3,99.3,0.634,0.614,15.5,63.3,1.3,12.3,6.7,0.2,0.02,0.0,0.16
242,Dererk,Pardon,NU,Big Ten,28,28,30.8,13.7,122.7,95.6,0.612,0.611,40.7,0.0,12.1,16.9,13.2,0.07,0.02,0.06,0.13
243,Issa,Thiam,RUTG,Big Ten,31,21,18.4,13.5,88.3,105.2,0.45299999999999996,0.45,6.2,76.7,2.0,8.4,4.6,0.03,0.01,0.0,0.15
244,Evan,Taylor,NEB,Big Ten,31,21,24.4,13.5,91.4,106.0,0.47,0.43200000000000005,23.9,16.1,2.3,10.9,5.9,0.09,0.02,0.0,0.18
245,Zak,Showalter,WIS,Big Ten,37,37,29.5,13.3,124.4,96.6,0.647,0.614,24.8,57.5,3.1,8.7,5.4,0.11,0.03,0.01,0.15
246,Ryan,Cline,PUR,Big Ten,31,7,21.4,12.2,116.5,101.7,0.605,0.593,8.2,81.3,1.0,9.4,5.1,0.12,0.01,0.01,0.14
247,P.J.,Thompson,PUR,Big Ten,35,35,28.6,11.9,128.9,100.9,0.613,0.594,23.0,69.1,3.0,5.4,4.0,0.17,0.02,0.0,0.11
248,Kenny,Goins,MSU,Big Ten,35,14,18.3,10.8,100.8,99.1,0.605,0.578,39.8,0.0,7.4,20.4,13.4,0.06,0.01,0.03,0.28
249,Lourawls,Nairn Jr.,MSU,Big Ten,35,30,22.8,10.7,104.2,104.1,0.48200000000000004,0.47,22.6,32.2,0.5,11.3,5.9,0.27,0.01,0.01,0.24
250,Sanjay,Lumpkin,NU,Big Ten,36,36,27.8,10.0,128.1,99.0,0.6409999999999999,0.612,50.0,36.2,6.0,15.6,9.9,0.09,0.01,0.02,0.13
251,Dillon,Brooks,ORE,PAC-12,35,27,25.3,31.5,114.6,98.0,0.591,0.556,29.9,33.6,4.9,9.6,6.8,0.23,0.03,0.02,0.13
252,Markelle,Fultz,WASH,PAC-12,25,25,35.7,31.3,114.2,110.5,0.564,0.535,38.3,28.7,4.0,14.0,8.1,0.36,0.03,0.03,0.14
253,Stephen,Thompson Jr.,OREST,PAC-12,26,26,36.2,27.7,96.3,109.6,0.502,0.473,30.0,44.8,3.8,10.0,6.4,0.21,0.02,0.01,0.15
254,Reid,Travis,STAN,PAC-12,27,27,30.1,27.4,115.2,103.4,0.613,0.579,59.5,0.3,13.4,21.7,16.0,0.04,0.01,0.01,0.13
255,Kyle,Kuzma,UTAH,PAC-12,29,29,30.8,26.8,114.5,95.8,0.5710000000000001,0.542,35.2,23.3,11.3,23.3,16.1,0.15,0.01,0.02,0.13
256,Charlie,Moore,CAL,PAC-12,34,34,28.8,26.6,96.4,97.9,0.51,0.45299999999999996,37.6,36.8,1.4,6.3,3.6,0.27,0.02,0.0,0.2
257,Allonzo,Trier,ARIZ,PAC-12,18,13,31.9,25.4,123.8,100.8,0.622,0.545,58.6,43.9,1.1,17.7,9.3,0.17,0.01,0.0,0.11
258,Derrick,White,CU,PAC-12,34,33,32.8,25.2,123.2,103.4,0.635,0.578,45.0,35.6,3.5,10.5,6.4,0.29,0.02,0.05,0.14
259,Xavier,Johnson,CU,PAC-12,32,31,28.0,25.1,115.7,105.1,0.585,0.5479999999999999,46.9,30.4,6.8,17.1,10.9,0.08,0.01,0.01,0.1
260,Torian,Graham,ASU,PAC-12,33,22,34.7,25.0,109.9,114.8,0.5710000000000001,0.5539999999999999,10.9,54.4,1.8,12.2,6.2,0.07,0.02,0.01,0.08
261,Conor,Clifford,WSU,PAC-12,31,30,19.7,24.9,102.5,112.8,0.622,0.589,22.0,0.5,3.7,12.3,7.6,0.1,0.0,0.03,0.18
262,David,Collette,UTAH,PAC-12,22,22,25.4,24.9,116.9,95.8,0.617,0.601,38.5,1.4,8.7,14.5,10.8,0.08,0.02,0.04,0.12
263,Drew,Eubanks,OREST,PAC-12,32,32,32.1,24.0,106.2,103.9,0.624,0.5870000000000001,44.8,0.0,9.5,21.0,14.1,0.1,0.01,0.08,0.21
264,Chris,Boucher,ORE,PAC-12,31,12,23.5,23.5,116.7,91.6,0.597,0.591,31.6,38.3,9.2,20.1,13.8,0.04,0.01,0.12,0.1
265,Ivan,Rabb,CAL,PAC-12,31,30,32.6,23.5,108.6,90.8,0.55,0.49700000000000005,59.9,6.4,10.7,25.6,16.7,0.11,0.01,0.03,0.15
266,Dusan,Ristic,ARIZ,PAC-12,36,34,22.8,23.5,117.2,99.2,0.591,0.5579999999999999,27.5,0.7,9.9,18.3,13.3,0.04,0.01,0.02,0.11
267,Jabari,Bird,CAL,PAC-12,27,25,32.0,23.5,106.3,97.3,0.565,0.542,17.3,56.0,3.5,13.2,7.7,0.08,0.01,0.01,0.13
268,Robert,Franks,WSU,PAC-12,31,0,16.4,23.4,94.1,110.5,0.53,0.49700000000000005,24.7,36.7,6.9,16.1,10.9,0.1,0.01,0.04,0.18
269,Isaac,Hamilton,UCLA,PAC-12,36,36,30.0,23.2,108.1,107.3,0.562,0.54,13.4,47.4,3.4,9.0,6.1,0.14,0.01,0.01,0.14
270,Chimezie,Metu,USC,PAC-12,36,36,31.3,23.0,113.6,102.4,0.603,0.5529999999999999,47.5,0.5,7.5,20.3,13.0,0.09,0.01,0.05,0.15
271,Michael,Humphrey,STAN,PAC-12,30,25,24.0,23.0,99.7,99.8,0.508,0.46799999999999997,28.2,10.9,10.9,20.1,14.2,0.08,0.02,0.03,0.15
272,Tyler,Dorsey,ORE,PAC-12,39,39,30.0,22.8,119.1,101.4,0.612,0.575,34.3,51.4,3.5,9.5,6.2,0.11,0.02,0.0,0.11
273,Tra,Holder,ASU,PAC-12,33,33,35.6,22.8,112.3,116.9,0.562,0.49200000000000005,50.5,32.1,3.4,8.2,5.2,0.17,0.01,0.0,0.12
274,Aaron,Holiday,UCLA,PAC-12,36,0,26.4,22.5,114.1,104.6,0.616,0.5710000000000001,35.9,41.7,1.5,9.5,5.6,0.24,0.02,0.01,0.2
275,Lauri,Markkanen,ARIZ,PAC-12,37,37,30.8,22.3,132.6,99.8,0.643,0.584,43.6,43.4,10.0,17.5,13.0,0.06,0.01,0.02,0.08
276,TJ,Leaf,UCLA,PAC-12,35,35,29.9,22.0,129.7,100.9,0.665,0.652,27.8,15.2,9.1,19.7,14.0,0.13,0.01,0.04,0.11
277,Kobi,Simmons,ARIZ,PAC-12,37,19,23.5,21.9,104.5,103.1,0.504,0.452,31.7,34.9,1.9,6.0,3.8,0.16,0.02,0.0,0.13
278,David,Crisp,WASH,PAC-12,31,31,32.9,21.9,104.6,117.7,0.537,0.516,19.1,57.2,2.7,8.1,4.9,0.17,0.01,0.0,0.16
279,Marcus,Sheffield,STAN,PAC-12,31,5,18.9,21.4,94.9,104.3,0.49200000000000005,0.426,35.2,39.0,0.2,9.7,4.5,0.16,0.03,0.0,0.15
280,Shannon,Evans II,ASU,PAC-12,33,33,35.7,21.2,112.4,115.0,0.555,0.503,30.6,51.3,1.5,9.2,4.7,0.23,0.02,0.01,0.12
281,Rawle,Alkins,ARIZ,PAC-12,37,36,28.0,21.2,111.9,98.8,0.5720000000000001,0.534,32.7,38.5,7.1,13.6,9.8,0.14,0.02,0.02,0.16
282,Noah,Dickerson,WASH,PAC-12,31,27,27.2,21.0,117.7,111.2,0.59,0.5489999999999999,53.2,3.4,10.7,22.9,15.2,0.05,0.01,0.02,0.12
283,Josh,Hawkinson,WSU,PAC-12,31,31,35.4,20.9,120.2,106.4,0.628,0.574,38.7,21.2,6.4,26.4,15.7,0.15,0.01,0.02,0.12
284,Sedrick,Barefield,UTAH,PAC-12,24,3,23.7,20.9,102.5,100.7,0.557,0.515,33.9,50.0,1.8,6.9,4.1,0.14,0.02,0.0,0.19
285,Ike,Iroegbu,WSU,PAC-12,31,31,34.3,20.9,105.1,113.0,0.55,0.507,44.1,29.6,3.0,10.8,6.6,0.2,0.01,0.0,0.16
286,George,King,CU,PAC-12,34,32,27.7,20.8,106.7,104.8,0.561,0.5379999999999999,26.2,41.4,7.9,19.5,12.6,0.05,0.01,0.01,0.15
287,Obinna,Oleka,ASU,PAC-12,33,32,32.9,20.7,105.3,108.9,0.524,0.466,44.5,29.0,9.6,24.5,15.3,0.07,0.02,0.03,0.14
288,Dorian,Pickens,STAN,PAC-12,31,31,29.9,20.6,111.9,105.1,0.5870000000000001,0.545,37.3,58.9,2.9,11.2,6.4,0.08,0.02,0.0,0.11
289,Shaqquan,Aaron,USC,PAC-12,36,20,20.8,20.2,104.2,109.1,0.515,0.47200000000000003,32.3,47.4,4.8,12.0,7.8,0.1,0.01,0.01,0.12
290,Carlos,Johnson,WASH,PAC-12,31,4,17.9,20.1,93.0,116.5,0.45799999999999996,0.426,30.9,18.3,8.8,9.6,8.4,0.07,0.01,0.01,0.16
291,Elijah,Stewart,USC,PAC-12,36,32,29.8,20.0,114.3,107.2,0.564,0.541,22.7,56.6,4.9,9.9,6.9,0.08,0.02,0.04,0.09
292,Jordan,McLaughlin,USC,PAC-12,36,36,34.1,19.8,116.0,107.7,0.575,0.525,33.7,33.1,2.7,8.9,5.4,0.3,0.03,0.0,0.17
293,Charles,Callison,WSU,PAC-12,31,26,27.3,19.8,101.4,110.7,0.5660000000000001,0.54,15.2,39.6,0.7,6.3,3.4,0.16,0.03,0.01,0.16
294,Lorenzo,Bonam,UTAH,PAC-12,32,29,29.8,19.3,120.1,97.5,0.675,0.633,41.8,34.7,2.2,9.3,5.5,0.18,0.03,0.01,0.19
295,Jaquori,McLaughlin,OREST,PAC-12,32,30,33.8,19.2,97.6,112.6,0.516,0.48100000000000004,23.7,53.6,0.7,6.9,3.5,0.21,0.02,0.01,0.18
296,Bryce,Alford,UCLA,PAC-12,36,36,33.0,19.1,127.7,109.4,0.636,0.597,30.2,69.8,1.1,6.5,3.8,0.11,0.01,0.0,0.07
297,Marcus,Allen,STAN,PAC-12,31,28,26.9,18.8,93.3,104.2,0.488,0.451,34.7,24.4,1.8,8.5,4.7,0.15,0.03,0.0,0.16
298,Dylan,Ennis,ORE,PAC-12,39,39,31.7,18.8,109.7,98.1,0.55,0.507,33.9,44.0,2.8,12.7,7.4,0.17,0.02,0.02,0.16
299,Jonah,Mathews,USC,PAC-12,35,3,20.4,18.7,104.6,108.1,0.496,0.466,23.3,57.0,2.3,7.7,4.7,0.1,0.03,0.0,0.08
300,Robert,Cartwright,STAN,PAC-12,31,12,24.7,18.2,94.4,105.6,0.457,0.42100000000000004,20.1,49.8,0.8,8.1,4.0,0.28,0.02,0.0,0.17
301,Devon,Daniels,UTAH,PAC-12,29,26,26.9,18.2,113.9,96.9,0.632,0.606,32.3,17.7,4.0,15.2,9.1,0.17,0.02,0.02,0.2
302,Lonzo,Ball,UCLA,PAC-12,36,36,35.1,18.1,130.3,100.5,0.679,0.6679999999999999,28.6,56.6,3.2,14.3,8.8,0.31,0.03,0.02,0.19
303,Kadeem,Allen,ARIZ,PAC-12,34,33,30.0,18.0,110.1,95.8,0.578,0.521,49.2,31.8,1.5,13.7,7.5,0.18,0.03,0.02,0.19
304,Malachi,Flynn,WSU,PAC-12,31,31,33.1,18.0,95.2,113.9,0.531,0.506,18.6,57.0,1.0,9.0,4.8,0.16,0.01,0.0,0.19
305,JoJo,Zamora,UTAH,PAC-12,32,20,20.0,18.0,105.7,100.8,0.5770000000000001,0.545,21.0,50.6,1.7,6.3,3.8,0.09,0.02,0.01,0.17
306,Jordan,Bell,ORE,PAC-12,39,38,28.9,17.8,123.1,88.9,0.6659999999999999,0.6409999999999999,43.5,5.2,12.3,22.3,16.3,0.11,0.03,0.09,0.19
307,Josh,Fortune,CU,PAC-12,34,17,20.3,17.7,100.0,106.6,0.506,0.441,31.5,57.3,3.7,13.1,7.7,0.13,0.01,0.02,0.18
308,De'Anthony,Melton,USC,PAC-12,36,25,27.0,17.6,109.7,99.8,0.5379999999999999,0.483,47.2,32.0,6.0,13.7,9.1,0.23,0.04,0.04,0.19
309,Chance,Comanche,ARIZ,PAC-12,37,2,18.1,17.6,113.0,100.8,0.615,0.5710000000000001,47.4,0.0,7.7,15.5,11.0,0.04,0.01,0.02,0.17
310,Thomas,Welsh,UCLA,PAC-12,32,32,25.1,17.5,133.1,98.3,0.619,0.5870000000000001,18.2,0.4,10.7,25.5,17.7,0.06,0.01,0.05,0.05
311,Matisse,Thybulle,WASH,PAC-12,31,31,29.8,17.5,105.9,109.7,0.578,0.55,16.9,50.2,2.9,8.7,5.3,0.1,0.04,0.02,0.18
312,Tyler,Rawson,UTAH,PAC-12,32,8,19.5,17.3,108.3,96.3,0.5529999999999999,0.51,43.2,43.8,6.8,14.6,10.0,0.15,0.02,0.03,0.2
313,Kendal,Manuel,OREST,PAC-12,32,25,28.8,17.2,91.2,111.5,0.508,0.489,14.8,59.0,1.7,8.1,4.6,0.12,0.02,0.0,0.19
314,Grant,Mullins,CAL,PAC-12,32,25,31.2,16.3,116.2,97.1,0.594,0.563,22.1,65.2,0.8,10.8,5.4,0.13,0.02,0.0,0.12
315,Dominic,Green,WASH,PAC-12,30,2,21.6,16.1,89.3,116.9,0.425,0.39399999999999996,16.1,55.6,3.5,7.3,4.9,0.05,0.01,0.02,0.13
316,Gligorije,Rakocevic,OREST,PAC-12,32,14,18.7,16.1,90.2,110.6,0.507,0.48700000000000004,47.9,16.0,9.4,14.0,10.9,0.02,0.01,0.02,0.21
317,Sam,Singer,CAL,PAC-12,34,9,20.1,15.2,94.0,95.1,0.478,0.47200000000000003,27.1,26.4,2.0,14.5,7.6,0.2,0.02,0.0,0.2
318,Payton,Pritchard,ORE,PAC-12,39,35,28.3,15.1,111.3,98.8,0.53,0.496,25.8,58.6,2.6,10.7,6.3,0.21,0.02,0.0,0.17
319,Parker,Van Dyke,UTAH,PAC-12,31,11,16.5,15.0,109.4,99.0,0.508,0.507,9.6,63.2,0.7,11.8,6.0,0.12,0.02,0.01,0.08
320,Kodi,Justice,ASU,PAC-12,33,26,31.1,15.0,107.6,113.1,0.583,0.555,23.4,64.3,1.3,9.2,4.7,0.14,0.02,0.02,0.17
321,Wesley,Gordon,CU,PAC-12,32,31,24.6,14.8,115.1,101.4,0.5660000000000001,0.519,54.5,3.9,10.3,18.7,13.3,0.14,0.01,0.07,0.18
322,Kingsley,Okoroh,CAL,PAC-12,34,24,21.2,13.8,101.0,89.2,0.521,0.504,44.1,0.0,11.5,18.1,13.6,0.09,0.01,0.11,0.22
323,Christian,Sanders,STAN,PAC-12,31,17,17.2,13.6,90.3,105.2,0.536,0.486,53.5,32.4,0.7,12.9,6.2,0.34,0.02,0.01,0.39
324,Parker,Jackson-Cartwright,ARIZ,PAC-12,31,10,24.9,13.4,118.7,99.0,0.581,0.541,40.6,53.4,1.7,9.6,5.5,0.28,0.03,0.01,0.21
325,Casey,Benson,ORE,PAC-12,39,4,20.9,12.2,117.0,102.0,0.595,0.5529999999999999,34.0,56.0,2.0,7.0,4.3,0.14,0.02,0.0,0.17
326,Yante,Maten,UGA,SEC,29,28,29.0,30.6,113.2,98.8,0.605,0.5489999999999999,60.3,12.5,10.2,15.7,12.1,0.13,0.02,0.05,0.14
327,Sindarius,Thornwell,SCAR,SEC,31,31,34.3,28.9,120.6,88.8,0.6,0.51,59.0,33.7,8.0,15.9,10.7,0.19,0.04,0.03,0.12
328,J.J.,Frazier,UGA,SEC,34,34,34.6,28.5,110.1,100.3,0.5489999999999999,0.462,43.1,36.9,1.2,10.5,5.7,0.27,0.03,0.0,0.12
329,PJ,Dozier,SCAR,SEC,36,36,29.0,28.2,97.5,90.5,0.47600000000000003,0.452,27.5,30.1,4.1,15.1,8.6,0.23,0.03,0.01,0.13
330,Terence,Davis,MISS,SEC,36,27,25.3,27.9,109.7,100.7,0.5720000000000001,0.541,28.7,35.4,6.0,16.0,10.0,0.17,0.03,0.02,0.14
331,Frankie,Hughes,MIZZOU,SEC,30,11,19.3,27.6,80.7,104.5,0.40399999999999997,0.38299999999999995,20.4,64.6,2.5,12.3,6.5,0.14,0.02,0.0,0.12
332,Deandre,Burnett,MISS,SEC,33,27,30.0,27.6,108.2,108.8,0.5579999999999999,0.449,55.8,49.6,1.6,5.8,3.4,0.21,0.02,0.01,0.16
333,Jaylen,Barford,ARK,SEC,36,30,25.4,27.4,101.7,105.1,0.516,0.475,27.5,27.5,4.9,11.2,7.5,0.16,0.03,0.01,0.14
334,De'Aaron,Fox,UK,SEC,36,34,29.6,27.4,112.2,96.5,0.556,0.498,47.4,15.4,2.1,12.2,6.6,0.29,0.03,0.01,0.14
335,Malik,Monk,UK,SEC,38,37,32.1,27.2,116.1,100.4,0.5920000000000001,0.5429999999999999,32.3,47.0,1.1,7.2,3.8,0.13,0.02,0.02,0.11
336,Dusty,Hannahs,ARK,SEC,36,23,24.8,27.0,113.4,112.2,0.595,0.535,31.1,49.9,2.6,5.0,3.5,0.1,0.01,0.01,0.12
337,Matthew,Fisher-Davis,VANDY,SEC,34,22,27.9,26.2,106.8,103.7,0.5720000000000001,0.521,33.7,63.0,1.4,11.5,6.2,0.09,0.01,0.01,0.11
338,Tyler,Davis,TXA&M,SEC,31,31,26.2,26.1,113.8,102.2,0.6509999999999999,0.617,56.9,0.4,13.5,16.0,13.5,0.12,0.01,0.04,0.2
339,Quinndary,Weatherspoon,MSST,SEC,29,29,31.9,26.0,108.6,99.9,0.5720000000000001,0.5329999999999999,30.1,34.1,4.9,12.7,8.2,0.13,0.03,0.01,0.13
340,Mustapha,Heron,AUB,SEC,32,32,28.2,25.8,108.1,106.8,0.574,0.506,51.7,30.2,6.1,17.0,10.5,0.1,0.02,0.01,0.15
341,Antonio,Blakeney,LSU,SEC,31,30,32.9,25.3,108.0,116.9,0.555,0.52,30.0,34.9,3.4,12.8,7.4,0.11,0.01,0.0,0.12
342,DJ,Hogg,TXA&M,SEC,22,18,29.6,25.0,97.1,101.8,0.499,0.488,18.0,49.2,5.1,13.6,8.7,0.23,0.02,0.04,0.18
343,Canyon,Barry,FLA,SEC,35,1,21.3,24.9,118.5,98.5,0.578,0.495,44.3,43.3,4.4,10.3,6.7,0.06,0.01,0.02,0.08
344,Lamar,Peters,MSST,SEC,30,17,24.6,24.8,101.8,102.7,0.537,0.498,28.2,60.5,1.8,8.3,4.7,0.27,0.03,0.01,0.19
345,Braxton,Key,ALA,SEC,34,30,29.8,24.7,95.7,95.6,0.524,0.483,47.7,30.2,6.0,15.3,9.7,0.19,0.01,0.02,0.21
346,Ronnie,Johnson,AUB,SEC,32,2,16.4,24.2,108.6,109.7,0.529,0.493,28.6,31.4,3.2,8.4,5.3,0.29,0.02,0.0,0.14
347,Grant,Williams,TENN,SEC,32,29,25.4,24.1,111.9,99.5,0.5820000000000001,0.527,72.1,12.2,12.2,12.8,11.5,0.1,0.02,0.08,0.15
348,Chris,Silva,SCAR,SEC,37,37,21.0,24.0,110.6,88.3,0.606,0.524,76.8,0.4,11.9,21.3,15.0,0.04,0.02,0.08,0.18
349,Breein,Tyree,MISS,SEC,34,23,19.1,23.9,88.0,107.7,0.478,0.43200000000000005,32.5,38.2,1.5,8.9,4.7,0.2,0.02,0.0,0.21
350,Daryl,Macon,ARK,SEC,36,21,25.2,23.8,120.1,107.0,0.635,0.5579999999999999,50.5,54.0,2.4,8.8,5.3,0.16,0.03,0.0,0.15
351,Avery,Johnson Jr.,ALA,SEC,34,6,19.3,23.7,90.7,97.6,0.428,0.396,16.5,41.7,1.9,7.8,4.4,0.16,0.02,0.0,0.12
352,Robert,Williams,TXA&M,SEC,31,17,25.8,23.6,112.1,95.2,0.5770000000000001,0.562,36.2,6.5,13.6,21.3,16.1,0.12,0.02,0.11,0.14
353,Jared,Harper,AUB,SEC,32,30,24.2,23.0,111.2,109.3,0.546,0.485,54.1,58.1,1.4,7.2,3.9,0.23,0.03,0.0,0.13
354,KeVaughn,Allen,FLA,SEC,36,36,28.6,22.9,116.5,97.2,0.588,0.539,26.8,54.9,0.9,8.5,4.3,0.11,0.03,0.01,0.1
355,Kasey,Hill,FLA,SEC,36,36,28.9,22.8,91.8,95.2,0.47200000000000003,0.42,42.8,14.1,1.6,9.4,5.1,0.29,0.03,0.01,0.23
356,Kevin,Puryear,MIZZOU,SEC,32,32,29.6,22.7,97.3,105.2,0.49700000000000005,0.44,38.7,19.2,6.2,15.6,9.7,0.07,0.01,0.01,0.13
357,T.J.,Dunans,AUB,SEC,31,11,24.3,22.6,83.4,106.1,0.43200000000000005,0.415,19.6,26.6,2.1,13.2,7.0,0.19,0.02,0.03,0.2
358,Moses,Kingsley,ARK,SEC,36,36,27.7,22.6,108.4,99.4,0.55,0.478,53.0,5.0,9.1,21.0,14.0,0.09,0.01,0.1,0.15
359,Luke,Kornet,VANDY,SEC,35,35,31.5,22.5,111.6,98.9,0.5529999999999999,0.48,39.2,45.4,5.9,16.6,10.6,0.09,0.01,0.07,0.1
360,Duop,Reath,LSU,SEC,31,30,27.7,22.5,101.0,112.6,0.5429999999999999,0.528,25.3,11.4,8.2,16.6,11.4,0.06,0.01,0.06,0.16
361,Lamonte,Turner,TENN,SEC,32,6,20.7,22.4,100.3,104.0,0.518,0.451,42.5,58.4,1.6,11.7,6.0,0.25,0.02,0.01,0.18
362,Jordan,Barnett,MIZZOU,SEC,23,13,27.4,22.4,106.6,103.7,0.551,0.515,23.8,51.9,6.8,15.9,10.1,0.05,0.01,0.02,0.11
363,Admon,Gilder,TXA&M,SEC,31,30,34.6,22.0,106.5,102.4,0.5529999999999999,0.515,29.7,45.3,3.4,8.8,5.7,0.22,0.03,0.01,0.18
364,Sebastian,Saiz,MISS,SEC,36,36,33.3,21.9,111.8,99.4,0.565,0.496,55.7,18.9,10.9,25.1,16.4,0.06,0.02,0.04,0.14
365,Juwan,Parker,UGA,SEC,32,31,26.8,21.9,94.4,101.6,0.469,0.397,32.5,18.4,4.9,16.8,10.3,0.14,0.01,0.0,0.15
366,Robert,Hubbs III,TENN,SEC,32,32,31.6,21.9,107.2,105.2,0.529,0.473,30.5,7.1,4.2,11.6,7.2,0.12,0.01,0.01,0.1
367,Terrence,Phillips,MIZZOU,SEC,32,23,28.3,21.7,99.3,101.6,0.524,0.462,37.2,54.4,0.8,13.5,6.2,0.34,0.03,0.01,0.2
368,K.J.,Walton,MIZZOU,SEC,32,17,19.0,21.4,95.0,101.4,0.47100000000000003,0.409,66.3,13.1,7.4,11.3,8.4,0.11,0.04,0.0,0.14
369,Isaiah,Briscoe,UK,SEC,36,36,30.4,21.3,106.3,98.6,0.53,0.494,42.7,17.0,5.3,13.7,8.8,0.23,0.02,0.01,0.18
370,Admiral,Schofield,TENN,SEC,28,1,19.0,21.1,108.1,101.9,0.57,0.515,39.5,31.4,5.2,20.1,11.5,0.08,0.01,0.01,0.14
371,Dazon,Ingram,ALA,SEC,34,34,27.5,20.6,109.2,95.4,0.609,0.5660000000000001,68.7,21.6,4.2,14.0,8.3,0.26,0.02,0.01,0.22
372,Skylar,Mays,LSU,SEC,31,25,22.9,20.6,101.6,114.0,0.535,0.46299999999999997,42.1,31.7,2.4,8.3,4.9,0.28,0.03,0.0,0.22
373,Brandon,Sampson,LSU,SEC,31,26,27.5,20.1,107.3,116.8,0.6,0.551,39.2,45.1,2.3,10.2,5.7,0.09,0.01,0.02,0.17
374,Devin,Robinson,FLA,SEC,36,35,26.4,19.9,117.1,93.1,0.5820000000000001,0.547,33.8,36.8,7.3,18.5,11.8,0.05,0.02,0.03,0.1
375,Aric,Holman,MSST,SEC,32,26,23.3,19.8,101.1,95.9,0.5529999999999999,0.524,35.7,23.3,8.6,19.9,13.3,0.05,0.02,0.09,0.18
376,Jeff,Roberson,VANDY,SEC,35,35,31.7,19.8,107.5,100.5,0.547,0.483,41.3,39.2,7.7,17.7,12.0,0.12,0.02,0.01,0.16
377,Mario,Kegler,MSST,SEC,32,31,28.2,19.4,98.4,101.8,0.5329999999999999,0.5,34.9,46.0,4.6,16.7,10.0,0.08,0.01,0.01,0.17
378,Payton,Willis,VANDY,SEC,35,12,17.5,19.2,95.6,104.1,0.55,0.525,35.9,56.3,2.4,9.2,5.5,0.22,0.02,0.01,0.25
379,Aaron,Epps,LSU,SEC,30,19,17.2,18.8,103.3,115.2,0.568,0.542,29.9,22.2,11.6,16.9,13.1,0.05,0.01,0.02,0.2
380,Tonny,Trocha-Morelos,TXA&M,SEC,31,27,26.9,18.7,100.3,101.5,0.48100000000000004,0.45399999999999996,21.8,36.0,6.9,14.1,9.7,0.15,0.02,0.04,0.16
381,Cullen,Neal,MISS,SEC,36,12,23.6,18.5,114.9,110.5,0.605,0.541,36.9,63.9,1.3,6.3,3.5,0.18,0.01,0.0,0.16
382,Corban,Collins,ALA,SEC,32,14,21.8,18.5,102.5,99.3,0.49700000000000005,0.465,30.2,64.8,1.5,7.8,4.2,0.14,0.02,0.0,0.12
383,Tyson,Carter,MSST,SEC,32,12,20.2,18.5,108.5,104.1,0.53,0.502,15.6,57.8,0.9,8.5,4.4,0.07,0.02,0.01,0.06
384,Danjel,Purifoy,AUB,SEC,29,25,28.7,18.4,114.6,106.0,0.586,0.518,37.3,65.6,3.6,13.9,8.0,0.11,0.03,0.01,0.14
385,Edrice,Adebayo,UK,SEC,38,38,30.1,18.3,122.9,95.4,0.637,0.599,83.1,0.0,11.2,17.2,13.1,0.05,0.01,0.05,0.14
386,Joe,Toye,VANDY,SEC,35,13,21.1,18.3,99.1,104.5,0.535,0.489,44.6,44.6,3.5,10.7,6.7,0.11,0.01,0.01,0.17
387,Jordan,Geist,MIZZOU,SEC,32,14,22.1,18.3,99.9,104.4,0.504,0.423,51.6,42.3,1.4,13.3,6.5,0.18,0.02,0.0,0.15
388,Anton,Beard,ARK,SEC,36,11,21.0,18.2,110.0,107.3,0.528,0.479,35.2,42.3,4.4,6.4,5.0,0.16,0.03,0.0,0.13
389,Chris,Chiozza,FLA,SEC,36,0,22.2,18.2,111.2,92.9,0.546,0.485,39.6,47.5,2.1,14.6,7.6,0.31,0.04,0.0,0.19
390,Bryce,Brown,AUB,SEC,28,13,21.1,17.8,104.7,108.7,0.523,0.508,14.3,74.1,2.1,7.8,4.5,0.11,0.03,0.01,0.12
391,Jordan,Bowden,TENN,SEC,30,28,22.8,17.8,109.9,103.5,0.518,0.45799999999999996,31.2,55.0,3.7,10.1,6.3,0.11,0.02,0.01,0.09
392,Riley,Norris,ALA,SEC,34,27,27.3,17.7,106.5,98.0,0.532,0.498,25.2,54.7,5.0,10.6,7.1,0.06,0.02,0.01,0.12
393,Nolan,Cressler,VANDY,SEC,35,22,23.7,17.3,112.1,102.4,0.611,0.599,15.9,38.9,4.1,15.9,9.5,0.16,0.01,0.0,0.17
394,Riley,LaChance,VANDY,SEC,35,35,31.1,17.1,119.6,104.8,0.654,0.607,31.6,58.3,0.8,11.1,5.7,0.27,0.01,0.0,0.19
395,Shembari,Phillips,TENN,SEC,31,13,20.9,16.9,99.2,103.7,0.522,0.444,49.7,31.8,3.4,12.5,7.2,0.15,0.02,0.01,0.19
396,Rasheed,Brooks,MISS,SEC,33,12,22.3,16.9,95.7,106.9,0.47700000000000004,0.45,10.9,58.3,3.2,9.1,5.6,0.14,0.02,0.01,0.17
397,I.J.,Ready,MSST,SEC,28,20,28.6,16.7,103.9,101.6,0.513,0.449,30.9,23.4,1.1,9.3,4.9,0.29,0.03,0.0,0.2
398,Wayde,Sims,LSU,SEC,31,5,19.0,16.4,109.5,112.7,0.5820000000000001,0.5489999999999999,28.1,22.2,7.2,14.8,10.1,0.05,0.02,0.03,0.16
399,Jalyn,Patterson,LSU,SEC,31,10,22.3,16.4,94.3,112.4,0.484,0.465,18.7,58.5,2.2,12.9,6.9,0.23,0.03,0.01,0.23
400,Schnider,Herard,MSST,SEC,32,19,18.6,16.4,95.7,103.1,0.5529999999999999,0.5489999999999999,101.0,0.0,11.0,18.6,13.7,0.02,0.0,0.01,0.25
401,Russell,Woods,MIZZOU,SEC,32,32,22.2,16.4,104.7,106.8,0.529,0.483,75.5,0.0,10.2,10.5,9.4,0.04,0.01,0.01,0.15
402,Duane,Notice,SCAR,SEC,37,37,33.0,16.2,108.8,98.4,0.534,0.503,30.5,65.0,2.8,6.1,4.0,0.14,0.02,0.01,0.13
403,Dustin,Thomas,ARK,SEC,36,27,18.0,16.1,106.6,104.1,0.534,0.49,47.3,3.4,8.0,14.8,10.6,0.1,0.02,0.02,0.17
404,Derek,Ogbeide,UGA,SEC,34,33,23.2,16.1,109.1,96.3,0.58,0.5670000000000001,37.1,0.0,11.8,24.3,17.0,0.06,0.01,0.05,0.17
405,Justin,Leon,FLA,SEC,36,36,22.3,16.0,116.4,98.0,0.5760000000000001,0.547,20.2,57.7,6.8,13.3,9.2,0.04,0.01,0.01,0.11
406,Hassani,Gravett,SCAR,SEC,35,3,16.6,15.4,81.3,98.2,0.385,0.35,23.3,51.9,3.0,8.3,5.1,0.15,0.01,0.0,0.2
407,Jimmie,Taylor,ALA,SEC,34,14,18.2,15.4,102.1,91.5,0.574,0.5770000000000001,51.2,0.0,7.5,15.3,10.4,0.07,0.02,0.09,0.2
408,Kevarrius,Hayes,FLA,SEC,36,16,18.3,14.9,126.7,90.3,0.647,0.606,79.5,0.0,11.7,15.4,12.4,0.02,0.02,0.09,0.14
409,Anfernee,McLemore,AUB,SEC,32,1,15.1,14.9,122.2,102.4,0.688,0.688,57.4,1.0,11.9,19.8,14.4,0.02,0.02,0.08,0.18
410,William,Jackson II,UGA,SEC,34,16,17.5,14.6,93.4,105.7,0.47700000000000004,0.452,17.8,56.3,1.4,5.9,3.5,0.12,0.01,0.01,0.15
411,Maik,Kotsar,SCAR,SEC,37,33,24.2,14.5,96.6,94.2,0.486,0.49,26.8,0.0,8.9,13.7,10.2,0.06,0.02,0.02,0.17
412,Justin,McKie,SCAR,SEC,37,7,16.9,14.2,105.2,96.1,0.489,0.473,16.1,49.0,4.0,9.9,6.3,0.14,0.02,0.01,0.12
413,Donta,Hall,ALA,SEC,34,20,19.7,13.9,122.5,89.6,0.6629999999999999,0.6579999999999999,62.5,0.0,11.1,20.0,14.1,0.06,0.02,0.08,0.17
414,Mike,Edwards,UGA,SEC,34,2,18.1,13.8,98.2,102.5,0.561,0.524,58.1,1.0,7.4,14.8,10.4,0.02,0.01,0.01,0.21
415,JC,Hampton,TXA&M,SEC,31,22,25.0,13.8,111.4,107.9,0.583,0.5329999999999999,36.6,68.0,0.6,7.9,4.0,0.13,0.01,0.0,0.17
416,Wenyen,Gabriel,UK,SEC,38,23,17.8,13.8,108.2,95.1,0.505,0.473,37.2,42.6,9.8,19.3,13.4,0.06,0.01,0.05,0.14
417,Derek,Willis,UK,SEC,38,15,21.8,13.8,121.6,93.2,0.609,0.598,15.6,63.4,5.2,21.1,12.2,0.07,0.02,0.05,0.11
418,Bola,Olaniyan,ALA,SEC,33,22,16.1,13.0,98.8,89.3,0.545,0.513,52.6,0.0,18.9,25.8,20.3,0.05,0.03,0.0,0.32
419,Cullen,VanLeer,MIZZOU,SEC,32,17,23.7,12.8,101.7,106.4,0.528,0.5,15.0,82.5,0.8,7.5,3.6,0.11,0.02,0.01,0.13
420,Justas,Furmanavicius,MISS,SEC,36,17,25.0,12.5,113.4,104.3,0.5529999999999999,0.503,75.2,20.3,8.7,12.5,9.6,0.08,0.02,0.05,0.15
421,Manuale,Watkins,ARK,SEC,36,23,22.3,12.0,127.4,103.0,0.606,0.603,18.2,17.0,5.3,14.0,9.0,0.14,0.03,0.0,0.1
422,Dominique,Hawkins,UK,SEC,38,4,19.2,11.5,122.6,100.3,0.5479999999999999,0.48200000000000004,38.1,46.0,3.4,5.7,4.2,0.13,0.02,0.0,0.1
423,Marcanvis,Hymon,MISS,SEC,36,24,21.8,9.8,95.4,101.9,0.504,0.515,57.6,0.0,8.7,15.6,11.0,0.05,0.02,0.06,0.24
